INSERT INTO Usuarios(NomeUsuario,Senha,QntLivros,TipoUsuario,NivelDeAcesso) VALUES 
('cioffi77','admin','0','Aluno','usuario'),
('chivalric12','admin','0','Aluno','usuario'),
('croissant92','admin','0','Aluno','usuario'),
('arthrospore20','admin','0','Aluno','usuario'),
('audio32','admin','0','Aluno','usuario'),
('egyptology52','admin','0','Aluno','usuario'),
('heartbreaking52','admin','0','Aluno','usuario'),
('priest26','admin','0','Aluno','usuario'),
('animus64','admin','0','Aluno','usuario'),
('townshend8','admin','0','Aluno','usuario'),
('jazmin6','admin','0','Aluno','usuario'),
('conlin82','admin','0','Aluno','usuario'),
('lumpy22','admin','0','Aluno','usuario'),
('godown15','admin','0','Aluno','usuario'),
('konikow47','admin','0','Aluno','usuario'),
('claudieclaudina31','admin','0','Aluno','usuario'),
('unpin54','admin','0','Aluno','usuario'),
('cornela81','admin','0','Aluno','usuario'),
('kingly59','admin','0','Aluno','usuario'),
('crocket61','admin','0','Aluno','usuario'),
('hodosh62','admin','0','Aluno','usuario'),
('crass43','admin','0','Aluno','usuario'),
('perceptive88','admin','0','Aluno','usuario'),
('sweetsop59','admin','0','Aluno','usuario'),
('astrahan52','admin','0','Aluno','usuario'),
('caddaric0','admin','0','Aluno','usuario'),
('tweedy99','admin','0','Aluno','usuario'),
('koonce5','admin','0','Aluno','usuario'),
('veratridine45','admin','0','Aluno','usuario'),
('vhf33','admin','0','Aluno','usuario'),
('osburn38','admin','0','Aluno','usuario'),
('mistrial11','admin','0','Aluno','usuario'),
('kartis61','admin','0','Aluno','usuario'),
('koressa33','admin','0','Aluno','usuario'),
('astera48','admin','0','Aluno','usuario'),
('frowzy28','admin','0','Aluno','usuario'),
('encomiast5','admin','0','Aluno','usuario'),
('pad98','admin','0','Aluno','usuario'),
('tolbert43','admin','0','Aluno','usuario'),
('readytowear47','admin','0','Aluno','usuario'),
('cleavage79','admin','0','Aluno','usuario'),
('pilpul48','admin','0','Aluno','usuario'),
('swagsman87','admin','0','Aluno','usuario'),
('backstairs63','admin','0','Aluno','usuario'),
('califate98','admin','0','Aluno','usuario'),
('bonaire18','admin','0','Aluno','usuario'),
('cammi34','admin','0','Aluno','usuario'),
('kling58','admin','0','Aluno','usuario'),
('digitigrade12','admin','0','Aluno','usuario'),
('schleicher4','admin','0','Aluno','usuario'),
('tentmaker74','admin','0','Professor','usuario'),
('argon78','admin','0','Professor','usuario'),
('triceratops2','admin','0','Professor','usuario'),
('ctenophore60','admin','0','Professor','usuario'),
('supraliminal61','admin','0','Professor','usuario'),
('linderman7','admin','0','Professor','usuario'),
('vyner51','admin','0','Professor','usuario'),
('attrahent16','admin','0','Professor','usuario'),
('subtract34','admin','0','Professor','usuario'),
('lucillalucille21','admin','0','Professor','usuario'),
('bellona7','admin','0','Professor','usuario'),
('forsook4','admin','0','Professor','usuario'),
('azoic23','admin','0','Professor','usuario'),
('cableway30','admin','0','Professor','usuario'),
('yiddish22','admin','0','Professor','usuario'),
('baudekin81','admin','0','Professor','usuario'),
('manhunt33','admin','0','Professor','usuario'),
('dispersive1','admin','0','Professor','usuario'),
('berserk6','admin','0','Professor','usuario'),
('solanum39','admin','0','Professor','usuario'),
('rosel54','admin','0','Funcionario','usuario'),
('mcdade38','admin','0','Funcionario','usuario'),
('pacian82','admin','0','Funcionario','usuario'),
('escapee84','admin','0','Funcionario','usuario'),
('renounce41','admin','0','Funcionario','usuario'),
('pyridoxine8','admin','0','Funcionario','usuario'),
('frasco85','admin','0','Funcionario','usuario'),
('unread69','admin','0','Funcionario','usuario'),
('inflated1','admin','0','Funcionario','usuario'),
('idell22','admin','0','Funcionario','usuario'),
('genny16','admin','0','Funcionario','usuario'),
('icj11','admin','0','Funcionario','usuario'),
('shiverick48','admin','0','Funcionario','usuario'),
('medeah54','admin','0','Funcionario','usuario'),
('salimeter96','admin','0','Funcionario','usuario'),
('motorbike63','admin','0','Funcionario','usuario'),
('millhon94','admin','0','Funcionario','usuario'),
('karlenekarlens19','admin','0','Funcionario','usuario'),
('diarchy30','admin','0','Funcionario','usuario'),
('blandishments14','admin','0','Funcionario','usuario'),
('episode54','admin','0','Funcionario','usuario'),
('yugoslavia76','admin','0','Funcionario','usuario'),
('terminate51','admin','0','Funcionario','usuario'),
('heliogravure14','admin','0','Funcionario','usuario'),
('doddered34','admin','0','Funcionario','usuario'),
('norse79','admin','0','Funcionario','usuario'),
('solace81','admin','0','Funcionario','usuario'),
('influent17','admin','0','Funcionario','usuario'),
('botanical47','admin','0','Funcionario','usuario'),
('canescent5','admin','0','Funcionario','usuario'),
('admin','root','0','Funcionario','administrador'),
('biblioteca','admin','0','Funcionario','bibliotecario');
INSERT INTO Cursos(NomeCurso) VALUES 
('EngenhariadeTransporteeLogistica'),
('Computacao'),
('Marketing'),
('Geologia'),
('Teatro'),
('EngenhariadeBiossistemas'),
('Farmacia'),
('Pedagogia'),
('EngenhariaBioquimica'),
('Enfermagem');
INSERT INTO Professores(MatSiape,Usuario_CodUsuario,Nome,Endereco,TelefoneCelular,RegimeTrabalho,DataContratacao,Cursos_CodCurso) VALUES 
('11526','1','Xylia Harald','rua algum lugar','(88)92989-7669','20h','2022-03-17','5'),
('16105','2','Deloris Prinz','rua algum lugar','(88)93227-6800','40h','2020-07-16','9'),
('15979','3','Gwenni Kleon','rua algum lugar','(88)94140-9363','DE','2020-05-31','6'),
('23305','4','Rivkah Vick','rua algum lugar','(88)97597-9855','40h','2022-04-24','1'),
('13283','5','Honey Titus','rua algum lugar','(88)99654-5684','20h','2019-09-19','4'),
('17593','6','Kirsti Lothaire','rua algum lugar','(88)95542-6847','DE','2021-07-08','1'),
('29679','7','Zabrina Wells','rua algum lugar','(88)99270-2757','40h','2020-04-06','8'),
('11241','8','Crystal Mel','rua algum lugar','(88)96427-4718','20h','2020-02-19','7'),
('17176','9','Koren Gaylord','rua algum lugar','(88)94175-1114','20h','2019-10-05','7'),
('29409','10','Patricia Padraic','rua algum lugar','(88)96348-7630','20h','2021-07-24','3'),
('13351','11','Saree Tabb','rua algum lugar','(88)98397-1257','20h','2020-02-12','2'),
('20205','12','Zsazsa Barney','rua algum lugar','(88)91789-3684','20h','2022-07-18','6'),
('29749','13','Yasmeen Humbert','rua algum lugar','(88)97630-6078','40h','2021-04-16','2'),
('10648','14','Donelle Maxy','rua algum lugar','(88)97899-9332','40h','2020-06-29','2'),
('10998','15','Sibeal Callean','rua algum lugar','(88)92953-1375','DE','2021-02-06','8'),
('28590','16','Lisa Kalil','rua algum lugar','(88)99405-4573','40h','2021-02-08','3'),
('11423','17','Clem Banky','rua algum lugar','(88)98703-7271','40h','2019-12-25','4'),
('22890','18','Nedda Wilek','rua algum lugar','(88)95458-1176','20h','2020-06-15','5'),
('11076','19','Flor Lay','rua algum lugar','(88)92006-5142','40h','2020-01-31','7'),
('19806','20','Korella Arch','rua algum lugar','(88)95546-8397','DE','2022-08-05','2');
INSERT INTO Alunos(Matricula,Usuario_CodUsuario,Nome,Endereco,DataIngresso,DataConclusaoPrevista,Cursos_CodCurso) VALUES 
('36176','21','Lanette Corey','rua algum lugar','2019-01-14','2024-01-14','9'),
('35998','22','Kerri Eamon','rua algum lugar','2019-09-11','2024-09-10','2'),
('49238','23','Kandy Devy','rua algum lugar','2020-01-05','2025-01-04','2'),
('39699','24','Andria Dante','rua algum lugar','2022-11-14','2027-11-15','5'),
('42079','25','Odele Tabor','rua algum lugar','2022-11-26','2027-11-26','6'),
('57909','26','Jaquelyn Rockwell','rua algum lugar','2022-09-15','2027-09-16','8'),
('37840','27','Nalani Keene','rua algum lugar','2019-07-24','2024-07-23','8'),
('41743','28','Kippy Tedd','rua algum lugar','2020-09-28','2025-09-28','5'),
('56363','29','Susy Zeke','rua algum lugar','2019-05-27','2024-05-26','2'),
('25185','30','Jorey Say','rua algum lugar','2020-07-10','2025-07-10','1'),
('44745','31','Myrah Mile','rua algum lugar','2021-03-14','2026-03-14','10'),
('49994','32','Raven Elmer','rua algum lugar','2020-12-27','2025-12-27','7'),
('24068','33','Ashla Amos','rua algum lugar','2022-09-04','2027-09-04','10'),
('40925','34','Freddi Mic','rua algum lugar','2022-03-16','2027-03-16','1'),
('21675','35','Dorrie Sonny','rua algum lugar','2019-11-20','2024-11-20','8'),
('22555','36','Perla Karlis','rua algum lugar','2019-12-01','2024-11-30','2'),
('45166','37','Stevana Mario','rua algum lugar','2022-10-21','2027-10-21','3'),
('31644','38','Alice Karlan','rua algum lugar','2021-09-19','2026-09-19','6'),
('50167','39','Blakelee Ryley','rua algum lugar','2021-11-15','2026-11-15','9'),
('30228','40','Merrili Garreth','rua algum lugar','2020-06-11','2025-06-11','8'),
('44581','41','Violante Alaster','rua algum lugar','2019-03-22','2024-03-21','10'),
('26690','42','Raina Sargent','rua algum lugar','2020-10-07','2025-10-07','5'),
('27376','43','Valerie Maurice','rua algum lugar','2022-07-18','2027-07-18','2'),
('45533','44','Cathie Brook','rua algum lugar','2022-11-27','2027-11-27','7'),
('56083','45','Maren Brod','rua algum lugar','2019-04-17','2024-04-16','9'),
('43036','46','Rosalie Aldus','rua algum lugar','2021-08-30','2026-08-30','1'),
('26435','47','Lesya Ivor','rua algum lugar','2020-07-27','2025-07-27','9'),
('40834','48','Odilia Winnie','rua algum lugar','2022-10-13','2027-10-13','7'),
('27084','49','Morna Delmor','rua algum lugar','2020-03-03','2025-03-03','5'),
('46928','50','Rosanna Renaud','rua algum lugar','2022-12-23','2027-12-23','2'),
('36117','51','Carlina Thom','rua algum lugar','2019-03-15','2024-03-14','3'),
('21194','52','Francene Roddy','rua algum lugar','2020-08-22','2025-08-23','1'),
('32616','53','Blinni Eb','rua algum lugar','2021-11-23','2026-11-23','2'),
('46471','54','Amandy Harry','rua algum lugar','2022-01-28','2027-01-28','10'),
('27653','55','Evangeline Cad','rua algum lugar','2019-11-25','2024-11-24','2'),
('27081','56','Charin Constantino','rua algum lugar','2022-06-15','2027-06-15','2'),
('34235','57','Bianka Tyler','rua algum lugar','2022-05-21','2027-05-21','7'),
('50713','58','Veronike Vale','rua algum lugar','2020-04-08','2025-04-08','4'),
('59914','59','Teddie Neville','rua algum lugar','2019-03-31','2024-03-30','8'),
('33622','60','Dareen Egon','rua algum lugar','2022-12-14','2027-12-15','1'),
('21391','61','Theadora Carver','rua algum lugar','2021-10-25','2026-10-25','3'),
('50088','62','Magdalena Xenos','rua algum lugar','2022-12-28','2027-12-28','4'),
('38801','63','Noelani Flint','rua algum lugar','2019-02-04','2024-02-04','10'),
('44723','64','Joelly Irvin','rua algum lugar','2020-08-30','2025-08-30','8'),
('46426','65','Malynda Orbadiah','rua algum lugar','2020-05-21','2025-05-21','7'),
('40594','66','Koressa Carce','rua algum lugar','2022-06-08','2027-06-08','2'),
('37378','67','Essa Royce','rua algum lugar','2022-04-06','2027-04-06','10'),
('46058','68','Dorris Javier','rua algum lugar','2019-05-09','2024-05-08','3'),
('51827','69','Melina Staford','rua algum lugar','2020-04-06','2025-04-07','6'),
('25748','70','Colleen Akim','rua algum lugar','2020-10-15','2025-10-15','7');
INSERT INTO Alunos_Telefones(Alunos_Matricula,NumTelefone) VALUES 
('36176','(88)99588-4353'),
('35998','(88)92448-9479'),
('49238','(88)94288-4144'),
('39699','(88)97659-1902'),
('42079','(88)97518-4967'),
('57909','(88)98265-7590'),
('37840','(88)96451-7083'),
('41743','(88)93132-3655'),
('56363','(88)92831-3262'),
('25185','(88)97990-4227'),
('44745','(88)99019-8089'),
('49994','(88)94859-5431'),
('24068','(88)93576-3569'),
('40925','(88)95589-9258'),
('21675','(88)91273-8957'),
('22555','(88)94663-7799'),
('45166','(88)98414-2972'),
('31644','(88)99075-7184'),
('50167','(88)92808-8088'),
('30228','(88)95405-3248'),
('44581','(88)95130-9229'),
('26690','(88)96866-4022'),
('27376','(88)94539-3120'),
('45533','(88)99842-2825'),
('56083','(88)95443-8230'),
('43036','(88)93791-3941'),
('26435','(88)98583-7770'),
('40834','(88)96873-1314'),
('27084','(88)91955-6106'),
('46928','(88)99699-1168'),
('36117','(88)93559-5350'),
('21194','(88)98100-6097'),
('32616','(88)97861-2855'),
('46471','(88)98822-3443'),
('27653','(88)91267-2963'),
('27081','(88)97265-7275'),
('34235','(88)92436-1107'),
('50713','(88)95983-6098'),
('59914','(88)96805-5262'),
('33622','(88)99910-3745'),
('21391','(88)99581-9611'),
('50088','(88)95278-5554'),
('38801','(88)95453-3247'),
('44723','(88)92647-8508'),
('46426','(88)96095-3921'),
('40594','(88)98130-5584'),
('37378','(88)97391-2015'),
('46058','(88)94247-4565'),
('51827','(88)98562-9269'),
('25748','(88)95720-7998');
INSERT INTO Funcionarios(Matricula,Usuario_CodUsuario,Nome,endereco) VALUES 
('49226','71','Angil Ernst','rua algum lugar'),
('34896','72','Cornie Burl','rua algum lugar'),
('35168','73','Angelina Jammal','rua algum lugar'),
('41479','74','Loria Obidiah','rua algum lugar'),
('39930','75','Joycelin Hilary','rua algum lugar'),
('55215','76','Lia Truman','rua algum lugar'),
('48266','77','Vickie Rusty','rua algum lugar'),
('54839','78','Gwen El','rua algum lugar'),
('21597','79','Zandra Pavel','rua algum lugar'),
('57897','80','Lari Maxwell','rua algum lugar'),
('26264','81','Merralee Emmy','rua algum lugar'),
('57938','82','Maudie Teador','rua algum lugar'),
('50111','83','Florrie Reade','rua algum lugar'),
('51868','84','Maria Richardo','rua algum lugar'),
('38750','85','Anabelle Claudell','rua algum lugar'),
('36471','86','Damara Georgie','rua algum lugar'),
('33539','87','Vere Josh','rua algum lugar'),
('37944','88','Lissa Toddie','rua algum lugar'),
('54947','89','Deny Gardie','rua algum lugar'),
('47926','90','Alia Bart','rua algum lugar'),
('36718','91','Allie Johnathon','rua algum lugar'),
('59895','92','Lilyan Rolfe','rua algum lugar'),
('20802','93','Renelle Darcy','rua algum lugar'),
('30733','94','Siouxie Sebastien','rua algum lugar'),
('52117','95','Elmira Ethelred','rua algum lugar'),
('37623','96','Caria Lovell','rua algum lugar'),
('52078','97','Albertine Onfroi','rua algum lugar'),
('46667','98','Verine Huntlee','rua algum lugar'),
('30803','99','Shel Diego','rua algum lugar'),
('20574','100','Hannis Field','rua algum lugar');
INSERT INTO Funcionarios_Telefones(Funcionarios_Matricula,NumTelefone) VALUES 
('49226','(88)99349-6506'),
('34896','(88)98792-5465'),
('35168','(88)95783-4406'),
('41479','(88)98597-1897'),
('39930','(88)99529-9388'),
('55215','(88)96540-1084'),
('48266','(88)93617-9250'),
('54839','(88)94653-8156'),
('21597','(88)91835-5090'),
('57897','(88)98154-7923'),
('26264','(88)92630-7271'),
('57938','(88)97085-4735'),
('50111','(88)99980-7648'),
('51868','(88)92990-1763'),
('38750','(88)92022-5457'),
('36471','(88)91607-3549'),
('33539','(88)96310-8119'),
('37944','(88)97171-3766'),
('54947','(88)93047-3853'),
('47926','(88)94776-9582'),
('36718','(88)99577-5937'),
('59895','(88)93072-6396'),
('20802','(88)99596-6728'),
('30733','(88)96756-6820'),
('52117','(88)97057-7924'),
('37623','(88)98941-5257'),
('52078','(88)93540-2228'),
('46667','(88)95865-3743'),
('30803','(88)93922-4181'),
('20574','(88)92119-1567');
INSERT INTO Autores(Nome,Email,Nacionalidade) VALUES 
('Ferreira, Vony','ferreira5927652@gmail.com','MK'),
('Rocha, Vitorda','rocha4149143928@gmail.com','ER'),
('Jamba, Sousa','jamba9394976115@gmail.com','CN'),
('Leite, JosePedro','leite2827953999@gmail.com','GL'),
('Aires, Madalena','aires5998344569@gmail.com','IS'),
('Melo, Paula','melo48174462743@gmail.com','KY'),
('Costa, Marisa','costa5647244926@gmail.com','BW'),
('Amaral, Deborah','amaral821779211@gmail.com','IS'),
('Bertolo, Joana','bertolo42285121@gmail.com','CR'),
('Magalhaes, Ana','magalhaes731281@gmail.com','MM'),
('Fernandes, Augusto','fernandes846639@gmail.com','PT'),
('Anjos, Ana','anjos2216926847@gmail.com','GA'),
('Hanif, R.','hanif9113534371@gmail.com','PN'),
('Peixoto, DiogoMendes','peixoto15547229@gmail.com','CM'),
('Costa, Salvadorda','costa8668715518@gmail.com','TM'),
('Costa, Ritada','costa4682235845@gmail.com','RW'),
('Portugal, Ritada','portugal5742813@gmail.com','DK'),
('Serra, Daniel','serra8549435575@gmail.com','UY'),
('Morais, AnaIsabel','morais878757226@gmail.com','AS'),
('Lourenco, IsabelCosta','lourenco4344819@gmail.com','PT'),
('Pinheiro, Carla','pinheiro3897545@gmail.com','PL'),
('Almeida, BernardoPintode','almeida73136462@gmail.com','AD'),
('Alves, Armando','alves2443585124@gmail.com','AI'),
('Resende, Julio','resende56717385@gmail.com','IO'),
('Vieira, Alice','vieira558546649@gmail.com','TG'),
('Serrao, Jose','serrao111925357@gmail.com','JO'),
('Achega, JoaoCoelho','achega995847162@gmail.com','JM'),
('Amaro, Sandra','amaro2482644887@gmail.com','TD'),
('Norton, MelanieJ.','norton474714498@gmail.com','GI'),
('Goncalves, MariaTeresadaSilvaBernardo','goncalves495794@gmail.com','AS'),
('Ferreira, Julia','ferreira8221817@gmail.com','JE'),
('Genova, Lisa','genova212726572@gmail.com','BQ'),
('Traven, B.','traven491574376@gmail.com','MZ'),
('Gomes, Manuela','gomes8145843482@gmail.com','CF'),
('Durr, Alfred','durr49736619748@gmail.com','RW'),
('Santos, LuisClaudioVillafaneG.','santos866675253@gmail.com','AW'),
('Boaventura, RuiJorgeNarciso','boaventura82352@gmail.com','CY'),
('Workshops"ConservaremArqueologia", RuiJorgeNarciso','workshops"conse@gmail.com','ES'),
('Braudel, Fernand','braudel76311682@gmail.com','BQ'),
('RuizMartin, Felipe','ruizmartin58637@gmail.com','GW'),
('Armino, Mauro','armino733732454@gmail.com','AO'),
('Zimler, Richard','zimler951292542@gmail.com','QA'),
('Lima, Jose','lima19937897455@gmail.com','PM'),
('Arouca, Manuel','arouca277441142@gmail.com','GP'),
('Miranda, PaulaChristinaFaria','miranda46262374@gmail.com','DO'),
('Dinis, MariadaConceicao','dinis1152247746@gmail.com','VU'),
('Ferreira, Luis','ferreira5873178@gmail.com','AT'),
('Azevedo, Domingues','azevedo59674726@gmail.com','BT'),
('Sa, AlexandreFrancode','sa9691835776148@gmail.com','FO'),
('Marques, JoaoPedro','marques47927678@gmail.com','IS'),
('Goncalves, Paula','goncalves845192@gmail.com','MT'),
('Ferreira, Anabela','ferreira6973243@gmail.com','TD'),
('Black, Jeremy','black9893955647@gmail.com','GY'),
('LeGuin, Ursula','leguin182964438@gmail.com','BW'),
('Silva, MariaAmelia','silva9274783921@gmail.com','NZ'),
('SocorroRodriguez, Manueldel','socorrorodrigue@gmail.com','SJ'),
('Colombia, BibliotecaNacional','colombia9151186@gmail.com','LS'),
('Portugal, ComissaoNacionaldeAcessoaoEnsinoSuperior','portugal5657732@gmail.com','MT'),
('Lara, Henrique','lara64117654553@gmail.com','CU'),
('Pinto, AntonioVaz','pinto1335216372@gmail.com','AW'),
('Rivera, JorgeCroce','rivera872156118@gmail.com','RW'),
('Formosinho, Sebastiao','formosinho61847@gmail.com','CW'),
('Bourbeau, Lise','bourbeau5245542@gmail.com','VU'),
('Pereira, Natalie','pereira39451748@gmail.com','HR'),
('Soeiro, JoseManuel','soeiro796895962@gmail.com','TD'),
('Holzwarth, Werner','holzwarth226846@gmail.com','GD'),
('Erlbruch, Wolf','erlbruch7823361@gmail.com','UZ'),
('Honrado, Alexandre','honrado21949746@gmail.com','SH'),
('Batalim, DoraIsabel','batalim68384784@gmail.com','KI'),
('Campenhoudt, Lucvan','campenhoudt2534@gmail.com','KE'),
('Marquet, Jacques','marquet67835273@gmail.com','BV'),
('Quivy, Raymond','quivy1616653442@gmail.com','MA'),
('Marques, JoaoMinhoto','marques49178524@gmail.com','MG'),
('Santos, Rui','santos765286129@gmail.com','TK'),
('Teixeira, Carlos','teixeira4535295@gmail.com','GI'),
('Cerqueira, Claudia','cerqueira451773@gmail.com','IT'),
('Jose, Maria','jose15822658466@gmail.com','BZ'),
('Lieberwirth, KlausDieter','lieberwirth5961@gmail.com','GR'),
('Amarante, MuseuMunicipalAmadeudeSousaCardoso','amarante3739586@gmail.com','DJ'),
('Estrela, Edite','estrela14396172@gmail.com','US'),
('Pires, Machado','pires5895884716@gmail.com','JP'),
('UniaoEuropeia, Comissao','uniaoeuropeia21@gmail.com','MU'),
('Macedo, MariaFrancisca','macedo517141485@gmail.com','BE'),
('Paz, Sara','paz279212337184@gmail.com','PF'),
('Viegas, MariaJoao','viegas475441193@gmail.com','JE'),
('Caixinhas, MariaLiseteC.L.','caixinhas459115@gmail.com','GM'),
('Berger, Alexandra','berger584673152@gmail.com','HR'),
('Rocha, FatimaAliceCaldeira','rocha1587575729@gmail.com','BD'),
('Metelo, InesdasNeves','metelo476158642@gmail.com','LV'),
('Dickie, John','dickie852691779@gmail.com','LK'),
('Araujo, Jaime','araujo829991937@gmail.com','TT'),
('Delahaye, Gilbert','delahaye7346479@gmail.com','HT'),
('Marlier, Marcel','marlier15168376@gmail.com','PR'),
('Oom, Ana','oom425783552199@gmail.com','RU'),
('Amaral, Ilidiodo','amaral796961649@gmail.com','AT'),
('Soares, Julio','soares171128485@gmail.com','GA'),
('Gomes, S.','gomes5827611416@gmail.com','DJ'),
('Figueiredo, Violeta','figueiredo34996@gmail.com','DJ'),
('Fernandes, MariadeFatimaHasse','fernandes671843@gmail.com','GE'),
('Meneses, Marluci','meneses64559554@gmail.com','EC'),
('Moreira, Adriano','moreira57957132@gmail.com','PF'),
('Lima, JoaoCovas','lima88758523839@gmail.com','AZ'),
('DalToso, Elia','daltoso44919658@gmail.com','ES'),
('Bernard, IsabelSilva','bernard21673181@gmail.com','NI'),
('Gautier, Elisabeth','gautier27348391@gmail.com','AX'),
('Marques, Antonio','marques53757719@gmail.com','AE'),
('Goethe, JohannWolfgangvon','goethe467621886@gmail.com','CZ'),
('Monteiro, JoaoTeodoro','monteiro2947844@gmail.com','MS'),
('Guimaraes, M.Jose','guimaraes951969@gmail.com','DZ'),
('Franco, Jorge','franco643229268@gmail.com','HR'),
('Lagartinho, Rui','lagartinho54547@gmail.com','HU'),
('Rodrigues, SofiaCastro','rodrigues223616@gmail.com','JP'),
('Lodge, David','lodge6755626149@gmail.com','GU'),
('Babo, CarlosGrifo','babo84896376419@gmail.com','VG'),
('Pedreira, MariadoRosario','pedreira3247265@gmail.com','DM'),
('Malheiro, Joao','malheiro3115953@gmail.com','UY'),
('Scheidl, Ludwig','scheidl94725945@gmail.com','CY'),
('Melo, IdalinaAguiarde','melo56968535815@gmail.com','KG'),
('Ribeiro, AntonioSousa','ribeiro58592344@gmail.com','CO'),
('Cardoso, JorgeFerrao','cardoso99463763@gmail.com','BD'),
('Morgado, MariaEmiliaCabritaMatias','morgado46887927@gmail.com','SV'),
('Magalhaes, AnaMaria','magalhaes676614@gmail.com','PG'),
('Alcada, Isabel','alcada514699112@gmail.com','UM'),
('Magalhaes, AnaMaria','magalhaes628377@gmail.com','IN'),
('Sa, JorgeVasconcelose','sa9263668935121@gmail.com','PK'),
('Neiva, ManuelAlbinoPenteado','neiva9878587555@gmail.com','KR'),
('BoaMorte, Gualberto','boamorte7466959@gmail.com','CR'),
('Gandra, AnaPaulaLima','gandra837374224@gmail.com','AT'),
('Barril, IsabelMariaAlves','barril829665854@gmail.com','CW'),
('Tinoco, Antonio','tinoco159633433@gmail.com','FR'),
('Farinha, Orlando','farinha74713151@gmail.com','LA'),
('Dionisio, JoseAmaro','dionisio1278473@gmail.com','FI'),
('Tarbuk, Tanja','tarbuk379889753@gmail.com','UZ'),
('Baux-Peyrat, Sylvie','baux-peyrat2369@gmail.com','BN'),
('Serrao, Luis','serrao798671389@gmail.com','DO'),
('Ribeiro, AnabelaMota','ribeiro51528159@gmail.com','nan'),
('Valente, Estelle','valente42686588@gmail.com','BJ'),
('Silva, PedroAdaoe','silva7513199291@gmail.com','CX'),
('Kelman, Stephen','kelman388224224@gmail.com','GA'),
('Ganho, Tania','ganho2813819937@gmail.com','DM'),
('Simoes, Rita','simoes669683997@gmail.com','KI'),
('Pais, Gabriela','pais64537711959@gmail.com','BV'),
('Tickner, ArleneB.','tickner12433432@gmail.com','JO'),
('MejiaQuintana, Oscar','mejiaquintana81@gmail.com','MH'),
('Braga, Margarida','braga6213167551@gmail.com','BE'),
('Neto, Ricardo','neto77773277926@gmail.com','VU'),
('Gomes, SaulAntonio','gomes4524937438@gmail.com','ID'),
('Candido, Paula','candido94347193@gmail.com','SZ'),
('Sparks, Nicholas','sparks592146641@gmail.com','TH'),
('Barata, SaulDias','barata893973466@gmail.com','TD'),
('Barroso, Joao','barroso76416417@gmail.com','IQ'),
('Pinhal, Joao','pinhal728154484@gmail.com','NL'),
('SeminariodoForumPortuguesdeAdministracaoEducacional, Joao','seminariodoforu@gmail.com','TT'),
('Blyton, Enid','blyton283616196@gmail.com','PK'),
('Moctezuma, MariadaGracade','moctezuma568867@gmail.com','BR'),
('Soper, Eileen','soper6112323527@gmail.com','LR'),
('Madureira, Arnaldo','madureira583231@gmail.com','VA'),
('Figueiredo, Filipede','figueiredo71778@gmail.com','AW'),
('Costa, Belmiro','costa1753436837@gmail.com','OM'),
('Rodrigues, MariaErmelinda','rodrigues451828@gmail.com','PK'),
('Compal','compal845952183@gmail.com','GS'),
('Batista, MariadeFatima','batista42246685@gmail.com','MN'),
('Sardinha, Luis','sardinha5219474@gmail.com','TF'),
('Duarte, Thieres','duarte882658675@gmail.com','GI'),
('Mazula, Aguiar','mazula946771869@gmail.com','BJ'),
('Mocambique, Aguiar','mocambique88971@gmail.com','LB'),
('Ferguson, Niall','ferguson5499652@gmail.com','OM'),
('Santos, LuisMiguelOliveira','santos428511239@gmail.com','MQ'),
('Lovecraft, H.P.','lovecraft896156@gmail.com','CA'),
('King, Stephen','king52156682166@gmail.com','TT'),
('Goncalves, JoseManuel','goncalves378556@gmail.com','VN'),
('Jorio, Marco','jorio2322478725@gmail.com','TL'),
('FondationDictionnaireHistoriquedelaSuisse, Marco','fondationdictio@gmail.com','US'),
('Queiros, Ecade','queiros98592865@gmail.com','DZ'),
('Vos, Jelmer','vos387594677238@gmail.com','BE'),
('Rodrigues, JeanThallis','rodrigues848867@gmail.com','BR'),
('Silva, RafaelRodriguesda','silva9884375187@gmail.com','WF'),
('ComiteOlimpicoPortugues','comiteolimpicop@gmail.com','PN'),
('Simon, Rachel','simon8623895237@gmail.com','CN'),
('Oliveira, Fernanda','oliveira3246672@gmail.com','TR'),
('Lyra, Eda','lyra87759784475@gmail.com','VI'),
('Neves, MariaLeonorBaeta','neves6338118254@gmail.com','UY'),
('Miranda, Helena','miranda16884518@gmail.com','LI'),
('Dias, JoseManuelLourenco','dias37491982715@gmail.com','nan'),
('Clear, James','clear1512398345@gmail.com','YT'),
('Silva, JoaoCarlos','silva2812869748@gmail.com','MU'),
('Sampaio, Alberto','sampaio75497519@gmail.com','BE'),
('Faria, EmiliaSampaioNovoa','faria7198752664@gmail.com','CZ'),
('Martins, Antonio','martins12133568@gmail.com','IL'),
('Castro, CatarinaOsoriode','castro415349182@gmail.com','MR'),
('Sequeira, BrunoPelletier','sequeira7539317@gmail.com','CV'),
('Rodrigues, Miguel','rodrigues735625@gmail.com','LI'),
('Mortagua, Camilo','mortagua1414727@gmail.com','PF'),
('Segur','segur1259287988@gmail.com','PR'),
('Jobbe-Duval','jobbe-duval2865@gmail.com','YT');
INSERT INTO Categorias(descricao) VALUES 
('Ensaios'),
('Religiao e Espiritualidade'),
('Arte e Fotografia'),
('Biografia'),
('Infantil'),
('Gastronomia'),
('Historia'),
('Guias & Como fazer'),
('Humanidades e Ciencias Sociais'),
('Paternidade e familia');
INSERT INTO Livros(ISBN,Titulo,AnoDeLancamento,Editora,QuanCopias,Categoria_CodCategoria) VALUES 
('978-989-8253-10-1','Cascata de silabas','2009','Mosaico de Palavras','4','4'),
('972-20-1244-4','Confissao tropical','1995','Dom Quixote','5','3'),
('978-989-9070-34-9','Ascensor de sombras','2022','Poetica','7','2'),
('978-111-11-2848-7','A grande aventura','2011','Texto','7','4'),
('978-0-692-17606-1','Permita-me apresentar-lhe a Graca','2019','Deborah Amaral','9','4'),
('978-989-53525-0-0','Centro','2022','Largo Residencias','5','1'),
('978-989-52-1942-1','O dia em que o tempo fugiu','2018','Chiado Editora Kids','5','1'),
('978-989-40-0082-2','A responsabilidade civil no transporte multimodal de mercadorias e a introducao da tecnologia blockchain','2021','Almedina','7','4'),
('978-989-40-0326-7','Organizacao judiciaria e estatutos profissionais forenses','2022','Almedina','7','3'),
('978-989-8045-54-6','Conheca o seu computador','2011','Deco Proteste','9','3'),
('989-601-000-5','Apresentacao das demonstracoes financeiras','2003','Publisher Team','9','4'),
('972-761-302-0','Sem dificuldades na matematica','2003','Constancia','5','4'),
('972-41-3174-2','O Natal do Pedro','2002','Asa','5','2'),
('972-21-0825-5','A bela Moura','1993','Caminho','5','2'),
('978-989-8158-80-2','Pensamentos de pessoas ilustres compilados por Joao Coelho Achega','2010','Folheto - Edicoes e Design','6','4'),
('1-57387-087-0','Introductory concepts in information science','2000','American Society for Information Science','8','2'),
('972-8743-10-6',' Da orientacao a formacao de adultos','2002','ANEFA - Agencia Nacional de Educacao e Formacao de Adultos','6','4'),
('978-989-23-3021-1',' O meu nome e Alice','2015','Lua de Papel','7','1'),
('978-972-608-259-0','O visitante da noite & outros contos','2014','Antigona','4','4'),
('3-7618-0544-6','Zur Chronologie der Leipziger Vokalwerke J. S. Bachs','1976','Barenreiter','5','1'),
('978-85-393-0060-0','O dia em que adiaram o Carnaval','2010','UNESP','4','3'),
('972-97706-2-X','Workshops conservacao em arqueologia','2003','Associacao Profissional de Arqueologos','6','1'),
('84-206-3540-5','Carlos V y Felipe II','1999','Alianza','4','3'),
('972-564-246-5','O ultimo cabalista de Lisboa','2006','Quetzal','6','4'),
('978-989-655-396-8','Lucia, a ultima mensagem','2019','Prime Books','8','1'),
('978-989-9005-97-6','O desejado','2022','Mahatma','6','2'),
('978-972-0-11126-5','Caminhos','2007','Porto Editora','9','1'),
('972-51-0596-6','Curso regular de contabilidade analitica','1996','Rei dos Livros','9','3'),
('972-8838-16-6','Metamorfose do poder','2004','Ariadne','6','3'),
('978-972-0-04495-2','O estranho caso de Sebastiao Moncada','2014','Porto Editora','8','1'),
('972-26-1714-1','Atlas da historia do mundo','2000','Livraria Civilizacao','7','1'),
('972-44-0784-5','Do outro lado do sonho','1991','Edicoes 70','8','2'),
('958-612-233-6','Catalogo [de] publicaciones seriadas siglo XIX','1995','nan','8','2'),
('972-741-053-7','Acesso ao ensino superior -','2003','Direccao-Geral do Ensino Superior','8','1'),
('972-794-238-5','Temporalizar, socializar, agir','2004','Hugin','9','4'),
('978-972-25-3666-0','Escuta o teu corpo','2018','11-17','4','1'),
('978-989-52-1191-3','Inicio de ti','2017','Chiado Editora','3','3'),
('978-972-8781-00-2','A toupeira que queria saber quem lhe fizera aquilo na cabeca','2012','Kalandraka','8','3'),
('978-989-616-929-9','Manual de investigacao em ciencias sociais','2019','Gradiva','4','4'),
('972-98539-8-3','A pequena forma','2003','Camara Municipal','6','1'),
('972-46-0798-4','Duvidas do falar portugues','1983','Noticias','9','4'),
('92-827-5413-8','Study on the technical and economic aspects of measures to reduce water pollution','1996','Office for Official Publications of the European Communities','3','3'),
('978-989-564-536-7','De boca aberta','2022','Booksmile','6','4'),
('978-972-98489-3-3','Flora da estufa quente de Lisboa','2011','Camara Municipal','5','3'),
('978-972-44-2475-0','A maconaria','2022','Edicoes 70','7','4'),
('978-989-648-909-0','Martine no teatro','2017','Zero a Oito','4','2'),
('972-672-902-5','Construindo a historia de Angola','2002','Instituto de Investigacao Cientifica Tropical','4','3'),
('978-989-95867-8-9','As injusticas da justica portuguesa','2010','Caminhos das Aguas','5','4'),
('978-989-678-082-1','Structural reforms and macroeconomic performance in the euro area countries','2011','Banco de Portugal','9','4'),
('972-22-1262-1','Eram ferias e havia sol','1990','Verbo','8','4'),
('972-49-2015-1','Levantamento social para projectos de reabilitacao urbana','2004','LNEC','5','4'),
('978-972-40-5551-0','Teoria das relacoes internacionais','2014','Almedina','7','2'),
('978-972-8834-22-7','Torre de (ho)menagem','2010','Mercado de Letras','9','4'),
('978-989-52-6853-5','Natoon','2019','Chiado Books','9','3'),
('978-989-20-5316-5','Todas as letras e outros contos','2014','s.n.]','8','4'),
('972-711-151-3','As mensagens do sonho','1998','Pergaminho','3','1'),
('978-972-665-579-4','Werther','2009','Guimaraes Editores','9','3'),
('978-972-564-687-8','Rosario tesouras','2007','Quetzal','5','2'),
('972-662-279-4','Noticias do paraiso','1992','Gradiva','7','4'),
('978-989-8657-53-4','Eusebio','2014','Verso da Historia','6','1'),
('972-8318-05-7','Dois seculos de historia alema','1996','Minerva','8','1'),
('978-989-677-016-7','Aguarela nomada','2010','Zefiro','4','4'),
('972-8621-79-5','Poemas de sempre','2004','Amores Perfeitos','4','2'),
('978-972-21-1467-7','Uma aventura secreta','2011','Caminho','4','1'),
('972-25-0997-7','Daqui por dez anos','1997','Bertrand','9','3'),
('972-95993-0-0','Roteiro turisco de Esposende','1993','Camara Municipal','7','1'),
('972-627-697-7','Preparar os testes','2003','Areal','7','2'),
('972-570-117-8','Pontos de exame','1994','Replicacao','5','1'),
('953-7002-32-2','Bard','2004','Pop & Pop','3','2'),
('978-972-47-4453-7','Ferias com Disney Princesa','2015','Texto Editora','6','2'),
('978-989-644-703-8','Os filhos da madrugada','2021','Temas e Debates','9','3'),
('978-972-695-992-2','O pombo ingles','2012','Teorema','4','1'),
('978-989-8724-06-9','Castelo de letras','2014','Lua de Marfim','6','2'),
('958-9057-79-9','Congreso y democracia en los paises de la region Andina','1997','Uniandes','8','1'),
('978-989-8214-33-1','Contos africanos','2013','Papa-Letras','6','3'),
('978-989-8812-54-4','Forais de Leiria','2017','Testiverso','8','2'),
('972-23-2957-X','O sorriso das estrelas','2004','Presenca','5','2'),
('972-8288-49-2','A administracao da educacao','1996','Colibri','6','1'),
('972-46-0429-2','Os cinco na ilha dos murmurios','1994','Noticias','8','1'),
('978-989-724-497-1','Os anos esquecidos','2019','Clube do Autor','4','1'),
('989-20-0237-7','Na estrada das palavras perdidas','2006','F. de Figueiredo','4','1'),
('978-972-0-42058-9','Novo espaco 11','2014','Porto Editora','3','3'),
('972-611-742-9','Zuki','2000','Abril/Controljornal/Edipresse','4','2'),
('972-735-132-8','Calculos metabolicos','2006','Fac. de Motricidade Humana','5','1'),
('978-989-51-1308-8','As aventuras de superzil','2014','Chiado Editora','8','3'),
('972-27-0887-2','As autarquias locais em Mocambique','1998','[s.n.]','8','3'),
('978-989-644-331-3','O horror da guerra, 1914-1918','2018','Circulo de Leitores','4','4'),
('978-989-637-041-1','Os melhores contos de Howard Phillips Lovecraft','2015','Saida de Emergencia','5','1'),
('978-2-940418-40-4','Dictionnaire historique de la Suisse','2002','Gilles Attinger','6','2'),
('978-972-0-04952-0','Contos','2010','Porto Editora','9','4'),
('978-0-299-30620-5','Kongo in the age of empire, 1860-1913','2015','University of Wincosin Press','3','2'),
('978-989-51-0711-7','Lapso esquizofrenico','2014','Chiado Editora','7','1'),
('978-989-53101-5-9','O movimento olimpico.','2022','Comite Olimpico de Portugal','8','1'),
('978-972-25-2398-1','A historia da rapariga bonita','2012','Bertrand','6','2'),
('978-972-8971-37-3','Conhecer o Palacio de Belem','2007','Museu da Presidencia da Republica','7','1'),
('978-989-23-4558-1','Habitos atomicos','2019','Lua de Papel','3','1'),
('978-989-8139-21-4','Correspondencia','2009','Humus','9','4'),
('978-989-33-0632-1','Devagar','2020','Atelier de Lisboa','8','3'),
('978-989-680-018-5','Tem coisas, ti Manel, tem coisas, tem coisas mas de entender... mandaram fazer a acorda e agora na a querem comer!','2010','Esfera do Caos','4','1'),
('972-686-059-8','As ferias','1999','Publica','8','2');
INSERT INTO Livros_has_Autores(Autores_Email,Livros_ISBN) VALUES 
('ferreira5927652@gmail.com','978-989-8253-10-1'),
('rocha4149143928@gmail.com','978-989-8253-10-1'),
('jamba9394976115@gmail.com','972-20-1244-4'),
('leite2827953999@gmail.com','978-989-9070-34-9'),
('aires5998344569@gmail.com','978-989-9070-34-9'),
('melo48174462743@gmail.com','978-111-11-2848-7'),
('costa5647244926@gmail.com','978-111-11-2848-7'),
('amaral821779211@gmail.com','978-0-692-17606-1'),
('bertolo42285121@gmail.com','978-989-53525-0-0'),
('magalhaes731281@gmail.com','978-989-53525-0-0'),
('fernandes846639@gmail.com','978-989-53525-0-0'),
('anjos2216926847@gmail.com','978-989-52-1942-1'),
('hanif9113534371@gmail.com','978-989-52-1942-1'),
('peixoto15547229@gmail.com','978-989-40-0082-2'),
('costa8668715518@gmail.com','978-989-40-0326-7'),
('costa4682235845@gmail.com','978-989-40-0326-7'),
('portugal5742813@gmail.com','978-989-40-0326-7'),
('serra8549435575@gmail.com','978-989-8045-54-6'),
('morais878757226@gmail.com','989-601-000-5'),
('lourenco4344819@gmail.com','989-601-000-5'),
('pinheiro3897545@gmail.com','972-761-302-0'),
('almeida73136462@gmail.com','972-41-3174-2'),
('alves2443585124@gmail.com','972-41-3174-2'),
('resende56717385@gmail.com','972-41-3174-2'),
('vieira558546649@gmail.com','972-21-0825-5'),
('serrao111925357@gmail.com','972-21-0825-5'),
('achega995847162@gmail.com','978-989-8158-80-2'),
('amaro2482644887@gmail.com','978-989-8158-80-2'),
('norton474714498@gmail.com','1-57387-087-0'),
('goncalves495794@gmail.com','972-8743-10-6'),
('ferreira8221817@gmail.com','972-8743-10-6'),
('genova212726572@gmail.com','978-989-23-3021-1'),
('traven491574376@gmail.com','978-972-608-259-0'),
('gomes8145843482@gmail.com','978-972-608-259-0'),
('durr49736619748@gmail.com','3-7618-0544-6'),
('santos866675253@gmail.com','978-85-393-0060-0'),
('boaventura82352@gmail.com','972-97706-2-X'),
('workshops"conse@gmail.com','972-97706-2-X'),
('braudel76311682@gmail.com','84-206-3540-5'),
('ruizmartin58637@gmail.com','84-206-3540-5'),
('armino733732454@gmail.com','84-206-3540-5'),
('zimler951292542@gmail.com','972-564-246-5'),
('lima19937897455@gmail.com','972-564-246-5'),
('arouca277441142@gmail.com','978-989-655-396-8'),
('miranda46262374@gmail.com','978-989-9005-97-6'),
('dinis1152247746@gmail.com','978-972-0-11126-5'),
('ferreira5873178@gmail.com','978-972-0-11126-5'),
('azevedo59674726@gmail.com','972-51-0596-6'),
('sa9691835776148@gmail.com','972-8838-16-6'),
('marques47927678@gmail.com','978-972-0-04495-2'),
('goncalves845192@gmail.com','972-26-1714-1'),
('ferreira6973243@gmail.com','972-26-1714-1'),
('black9893955647@gmail.com','972-26-1714-1'),
('leguin182964438@gmail.com','972-44-0784-5'),
('silva9274783921@gmail.com','972-44-0784-5'),
('socorrorodrigue@gmail.com','958-612-233-6'),
('colombia9151186@gmail.com','958-612-233-6'),
('portugal5657732@gmail.com','972-741-053-7'),
('lara64117654553@gmail.com','972-794-238-5'),
('pinto1335216372@gmail.com','972-794-238-5'),
('rivera872156118@gmail.com','972-794-238-5'),
('formosinho61847@gmail.com','972-794-238-5'),
('bourbeau5245542@gmail.com','978-972-25-3666-0'),
('pereira39451748@gmail.com','978-972-25-3666-0'),
('soeiro796895962@gmail.com','978-989-52-1191-3'),
('holzwarth226846@gmail.com','978-972-8781-00-2'),
('erlbruch7823361@gmail.com','978-972-8781-00-2'),
('honrado21949746@gmail.com','978-972-8781-00-2'),
('batalim68384784@gmail.com','978-972-8781-00-2'),
('campenhoudt2534@gmail.com','978-989-616-929-9'),
('marquet67835273@gmail.com','978-989-616-929-9'),
('quivy1616653442@gmail.com','978-989-616-929-9'),
('marques49178524@gmail.com','978-989-616-929-9'),
('santos765286129@gmail.com','978-989-616-929-9'),
('teixeira4535295@gmail.com','972-98539-8-3'),
('cerqueira451773@gmail.com','972-98539-8-3'),
('jose15822658466@gmail.com','972-98539-8-3'),
('lieberwirth5961@gmail.com','972-98539-8-3'),
('amarante3739586@gmail.com','972-98539-8-3'),
('estrela14396172@gmail.com','972-46-0798-4'),
('pires5895884716@gmail.com','972-46-0798-4'),
('uniaoeuropeia21@gmail.com','92-827-5413-8'),
('macedo517141485@gmail.com','978-989-564-536-7'),
('paz279212337184@gmail.com','978-989-564-536-7'),
('viegas475441193@gmail.com','978-989-564-536-7'),
('caixinhas459115@gmail.com','978-972-98489-3-3'),
('berger584673152@gmail.com','978-972-98489-3-3'),
('rocha1587575729@gmail.com','978-972-98489-3-3'),
('metelo476158642@gmail.com','978-972-98489-3-3'),
('dickie852691779@gmail.com','978-972-44-2475-0'),
('araujo829991937@gmail.com','978-972-44-2475-0'),
('delahaye7346479@gmail.com','978-989-648-909-0'),
('marlier15168376@gmail.com','978-989-648-909-0'),
('oom425783552199@gmail.com','978-989-648-909-0'),
('amaral796961649@gmail.com','972-672-902-5'),
('soares171128485@gmail.com','978-989-95867-8-9'),
('gomes5827611416@gmail.com','978-989-678-082-1'),
('figueiredo34996@gmail.com','972-22-1262-1'),
('fernandes671843@gmail.com','972-22-1262-1'),
('meneses64559554@gmail.com','972-49-2015-1'),
('moreira57957132@gmail.com','978-972-40-5551-0'),
('lima88758523839@gmail.com','978-972-8834-22-7'),
('daltoso44919658@gmail.com','978-989-52-6853-5'),
('bernard21673181@gmail.com','978-989-20-5316-5'),
('gautier27348391@gmail.com','972-711-151-3'),
('marques53757719@gmail.com','972-711-151-3'),
('goethe467621886@gmail.com','978-972-665-579-4'),
('monteiro2947844@gmail.com','978-972-665-579-4'),
('guimaraes951969@gmail.com','978-972-665-579-4'),
('franco643229268@gmail.com','978-972-564-687-8'),
('lagartinho54547@gmail.com','978-972-564-687-8'),
('rodrigues223616@gmail.com','978-972-564-687-8'),
('lodge6755626149@gmail.com','972-662-279-4'),
('babo84896376419@gmail.com','972-662-279-4'),
('pedreira3247265@gmail.com','972-662-279-4'),
('malheiro3115953@gmail.com','978-989-8657-53-4'),
('scheidl94725945@gmail.com','972-8318-05-7'),
('melo56968535815@gmail.com','972-8318-05-7'),
('ribeiro58592344@gmail.com','972-8318-05-7'),
('cardoso99463763@gmail.com','978-989-677-016-7'),
('morgado46887927@gmail.com','972-8621-79-5'),
('magalhaes676614@gmail.com','978-972-21-1467-7'),
('magalhaes628377@gmail.com','978-972-21-1467-7'),
('alcada514699112@gmail.com','978-972-21-1467-7'),
('sa9263668935121@gmail.com','972-25-0997-7'),
('neiva9878587555@gmail.com','972-95993-0-0'),
('boamorte7466959@gmail.com','972-95993-0-0'),
('gandra837374224@gmail.com','972-627-697-7'),
('barril829665854@gmail.com','972-627-697-7'),
('tinoco159633433@gmail.com','972-570-117-8'),
('farinha74713151@gmail.com','972-570-117-8'),
('dionisio1278473@gmail.com','953-7002-32-2'),
('tarbuk379889753@gmail.com','953-7002-32-2'),
('baux-peyrat2369@gmail.com','978-972-47-4453-7'),
('serrao798671389@gmail.com','978-972-47-4453-7'),
('ribeiro51528159@gmail.com','978-989-644-703-8'),
('valente42686588@gmail.com','978-989-644-703-8'),
('silva7513199291@gmail.com','978-989-644-703-8'),
('kelman388224224@gmail.com','978-972-695-992-2'),
('ganho2813819937@gmail.com','978-972-695-992-2'),
('simoes669683997@gmail.com','978-972-695-992-2'),
('pais64537711959@gmail.com','978-989-8724-06-9'),
('tickner12433432@gmail.com','958-9057-79-9'),
('mejiaquintana81@gmail.com','958-9057-79-9'),
('braga6213167551@gmail.com','978-989-8214-33-1'),
('neto77773277926@gmail.com','978-989-8214-33-1'),
('gomes4524937438@gmail.com','978-989-8812-54-4'),
('candido94347193@gmail.com','978-989-8812-54-4'),
('sparks592146641@gmail.com','972-23-2957-X'),
('barata893973466@gmail.com','972-23-2957-X'),
('barroso76416417@gmail.com','972-8288-49-2'),
('pinhal728154484@gmail.com','972-8288-49-2'),
('seminariodoforu@gmail.com','972-8288-49-2'),
('blyton283616196@gmail.com','972-46-0429-2'),
('moctezuma568867@gmail.com','972-46-0429-2'),
('soper6112323527@gmail.com','972-46-0429-2'),
('madureira583231@gmail.com','978-989-724-497-1'),
('figueiredo71778@gmail.com','989-20-0237-7'),
('costa1753436837@gmail.com','978-972-0-42058-9'),
('rodrigues451828@gmail.com','978-972-0-42058-9'),
('compal845952183@gmail.com','972-611-742-9'),
('batista42246685@gmail.com','972-735-132-8'),
('sardinha5219474@gmail.com','972-735-132-8'),
('duarte882658675@gmail.com','978-989-51-1308-8'),
('mazula946771869@gmail.com','972-27-0887-2'),
('mocambique88971@gmail.com','972-27-0887-2'),
('ferguson5499652@gmail.com','978-989-644-331-3'),
('santos428511239@gmail.com','978-989-644-331-3'),
('lovecraft896156@gmail.com','978-989-637-041-1'),
('king52156682166@gmail.com','978-989-637-041-1'),
('goncalves378556@gmail.com','978-989-637-041-1'),
('jorio2322478725@gmail.com','978-2-940418-40-4'),
('fondationdictio@gmail.com','978-2-940418-40-4'),
('queiros98592865@gmail.com','978-972-0-04952-0'),
('vos387594677238@gmail.com','978-0-299-30620-5'),
('rodrigues848867@gmail.com','978-989-51-0711-7'),
('silva9884375187@gmail.com','978-989-51-0711-7'),
('comiteolimpicop@gmail.com','978-989-53101-5-9'),
('simon8623895237@gmail.com','978-972-25-2398-1'),
('oliveira3246672@gmail.com','978-972-25-2398-1'),
('lyra87759784475@gmail.com','978-989-23-3021-1'),
('lyra87759784475@gmail.com','978-972-25-2398-1'),
('neves6338118254@gmail.com','978-972-8971-37-3'),
('miranda16884518@gmail.com','978-972-8971-37-3'),
('dias37491982715@gmail.com','978-972-8971-37-3'),
('clear1512398345@gmail.com','978-989-23-4558-1'),
('silva2812869748@gmail.com','978-989-23-4558-1'),
('sampaio75497519@gmail.com','978-989-8139-21-4'),
('faria7198752664@gmail.com','978-989-8139-21-4'),
('martins12133568@gmail.com','978-989-8139-21-4'),
('castro415349182@gmail.com','978-989-33-0632-1'),
('sequeira7539317@gmail.com','978-989-33-0632-1'),
('rodrigues735625@gmail.com','978-989-33-0632-1'),
('mortagua1414727@gmail.com','978-989-680-018-5'),
('segur1259287988@gmail.com','972-686-059-8'),
('jobbe-duval2865@gmail.com','972-686-059-8');
