INSERT INTO Usuarios(NomeUsuario,Senha,QntLivros,TipoUsuario,NivelDeAcesso) VALUES 
('pill11','admin','0','Aluno','usuario'),
('hydroquinone9','admin','0','Aluno','usuario'),
('delwyn42','admin','0','Aluno','usuario'),
('rihana7','admin','0','Aluno','usuario'),
('howlett48','admin','0','Aluno','usuario'),
('euclid38','admin','0','Aluno','usuario'),
('oberammergau26','admin','0','Aluno','usuario'),
('crosby86','admin','0','Aluno','usuario'),
('plucky57','admin','0','Aluno','usuario'),
('deflection77','admin','0','Aluno','usuario'),
('exhibitor10','admin','0','Aluno','usuario'),
('badenpowell88','admin','0','Aluno','usuario'),
('peccable41','admin','0','Aluno','usuario'),
('reform33','admin','0','Aluno','usuario'),
('antipyrine57','admin','0','Aluno','usuario'),
('koral72','admin','0','Aluno','usuario'),
('aiken76','admin','0','Aluno','usuario'),
('colorful82','admin','0','Aluno','usuario'),
('uriia43','admin','0','Aluno','usuario'),
('gunas74','admin','0','Aluno','usuario'),
('denman28','admin','0','Aluno','usuario'),
('hearne59','admin','0','Aluno','usuario'),
('prognostic59','admin','0','Aluno','usuario'),
('petersburg23','admin','0','Aluno','usuario'),
('cracked5','admin','0','Aluno','usuario'),
('klinges78','admin','0','Aluno','usuario'),
('finable37','admin','0','Aluno','usuario'),
('mcdevitt71','admin','0','Aluno','usuario'),
('major47','admin','0','Aluno','usuario'),
('archipenko40','admin','0','Aluno','usuario'),
('schonfeld52','admin','0','Aluno','usuario'),
('leaves98','admin','0','Aluno','usuario'),
('ignoramus19','admin','0','Aluno','usuario'),
('ramakrishna81','admin','0','Aluno','usuario'),
('sogdiana68','admin','0','Aluno','usuario'),
('trisoctahedron51','admin','0','Aluno','usuario'),
('cryptocrystalline56','admin','0','Aluno','usuario'),
('estate84','admin','0','Aluno','usuario'),
('ellswerth34','admin','0','Aluno','usuario'),
('almallah11','admin','0','Aluno','usuario'),
('coruscation76','admin','0','Aluno','usuario'),
('kimmy26','admin','0','Aluno','usuario'),
('vasiliki84','admin','0','Aluno','usuario'),
('disentangle56','admin','0','Aluno','usuario'),
('bast23','admin','0','Aluno','usuario'),
('sustentacular5','admin','0','Aluno','usuario'),
('propagation90','admin','0','Aluno','usuario'),
('sudden81','admin','0','Aluno','usuario'),
('deltoid57','admin','0','Aluno','usuario'),
('anson75','admin','0','Aluno','usuario'),
('sagittate59','admin','0','Professor','usuario'),
('silkworm19','admin','0','Professor','usuario'),
('afar34','admin','0','Professor','usuario'),
('saudra29','admin','0','Professor','usuario'),
('photoreconnaissance86','admin','0','Professor','usuario'),
('ison79','admin','0','Professor','usuario'),
('obfuscate62','admin','0','Professor','usuario'),
('mastodon59','admin','0','Professor','usuario'),
('xavler94','admin','0','Professor','usuario'),
('michell91','admin','0','Professor','usuario'),
('archean12','admin','0','Professor','usuario'),
('greyson52','admin','0','Professor','usuario'),
('torrens6','admin','0','Professor','usuario'),
('collis36','admin','0','Professor','usuario'),
('overweening56','admin','0','Professor','usuario'),
('sectary66','admin','0','Professor','usuario'),
('spondee43','admin','0','Professor','usuario'),
('culbertson97','admin','0','Professor','usuario'),
('aviator9','admin','0','Professor','usuario'),
('courtneycourtrai64','admin','0','Professor','usuario'),
('belch36','admin','0','Funcionario','usuario'),
('disc16','admin','0','Funcionario','usuario'),
('affable28','admin','0','Funcionario','usuario'),
('hell25','admin','0','Funcionario','usuario'),
('vestal11','admin','0','Funcionario','usuario'),
('jewbaiting76','admin','0','Funcionario','usuario'),
('presage24','admin','0','Funcionario','usuario'),
('chive42','admin','0','Funcionario','usuario'),
('shammer6','admin','0','Funcionario','usuario'),
('cob82','admin','0','Funcionario','usuario'),
('dragging35','admin','0','Funcionario','usuario'),
('herniotomy81','admin','0','Funcionario','usuario'),
('krp30','admin','0','Funcionario','usuario'),
('instigation29','admin','0','Funcionario','usuario'),
('strangeness95','admin','0','Funcionario','usuario'),
('anemo80','admin','0','Funcionario','usuario'),
('robinet11','admin','0','Funcionario','usuario'),
('chandler29','admin','0','Funcionario','usuario'),
('anglicize97','admin','0','Funcionario','usuario'),
('nannettenanni79','admin','0','Funcionario','usuario'),
('standifer15','admin','0','Funcionario','usuario'),
('cristacristabel66','admin','0','Funcionario','usuario'),
('breve69','admin','0','Funcionario','usuario'),
('emptor19','admin','0','Funcionario','usuario'),
('kero11','admin','0','Funcionario','usuario'),
('eulaliaeulaliah22','admin','0','Funcionario','usuario'),
('acanthus83','admin','0','Funcionario','usuario'),
('separable74','admin','0','Funcionario','usuario'),
('tiltyard83','admin','0','Funcionario','usuario'),
('diaper60','admin','0','Funcionario','usuario');
INSERT INTO Cursos(NomeCurso) VALUES 
('EngenhariadeInstrumentacao,AutomacaoeRobotica'),
('EngenhariaBioenergetica'),
('CienciasContabeis'),
('EngenhariadeMateriais'),
('EngenhariaAgricola'),
('Marketing'),
('EngenhariadeBiossistemas'),
('Biotecnologia'),
('CienciasSociais'),
('EngenhariaEletrica');
INSERT INTO Professores(MatSiape,Usuario_CodUsuario,Nome,Endereco,TelefoneCelular,RegimeTrabalho,DataContratacao,Cursos_CodCurso) VALUES 
('12362','1','Cori Osmond','rua algum lugar','(88)94442-2436','DE','2022-02-14','10'),
('12486','2','Breanne Wye','rua algum lugar','(88)94312-4507','40h','2021-12-26','1'),
('18517','3','Elicia Dion','rua algum lugar','(88)97708-5253','DE','2020-08-28','5'),
('15046','4','Celina Windham','rua algum lugar','(88)95188-1579','20h','2021-04-22','7'),
('14385','5','Desdemona Peder','rua algum lugar','(88)93697-2778','DE','2022-07-25','3'),
('16395','6','Atalanta Mordecai','rua algum lugar','(88)92658-1767','40h','2019-12-20','1'),
('15873','7','Libbey Mikael','rua algum lugar','(88)93923-1063','DE','2019-04-17','7'),
('29687','8','Zonnya Cletus','rua algum lugar','(88)91166-9310','40h','2022-07-18','2'),
('11097','9','Jyoti Marshal','rua algum lugar','(88)98269-2033','40h','2019-06-21','9'),
('12259','10','Federica Cori','rua algum lugar','(88)93322-4763','DE','2022-12-20','10'),
('10726','11','Loni Ramsey','rua algum lugar','(88)92820-4665','40h','2022-01-06','5'),
('21602','12','Vanna Ruggiero','rua algum lugar','(88)93856-7711','DE','2021-03-31','2'),
('25512','13','Paola Agustin','rua algum lugar','(88)99349-8028','DE','2022-08-15','6'),
('12173','14','Rosa Antoni','rua algum lugar','(88)97043-5582','40h','2019-08-12','7'),
('20148','15','Yasmin Salomone','rua algum lugar','(88)97812-9282','40h','2019-07-10','7'),
('22973','16','Bamby Emory','rua algum lugar','(88)98243-1622','40h','2022-02-20','6'),
('29652','17','Ardyce Billie','rua algum lugar','(88)96525-1071','DE','2020-11-26','3'),
('12462','18','Andree Lodovico','rua algum lugar','(88)91510-8491','DE','2021-12-10','5'),
('24342','19','Lana Vaclav','rua algum lugar','(88)96802-5687','20h','2022-02-14','5'),
('27515','20','Isadora Demetre','rua algum lugar','(88)94244-3364','20h','2022-07-17','9');
INSERT INTO Alunos(Matricula,Usuario_CodUsuario,Nome,Endereco,DataIngresso,DataConclusaoPrevista,Cursos_CodCurso) VALUES 
('55593','21','Evania Desi','rua algum lugar','2020-01-13','2025-01-13','10'),
('49633','22','Devinne Ingra','rua algum lugar','2020-09-16','2025-09-16','8'),
('42944','23','Alexine Noble','rua algum lugar','2021-10-27','2026-10-27','5'),
('44942','24','Odelinda Tom','rua algum lugar','2020-07-09','2025-07-09','3'),
('36941','25','Kandace Mohammed','rua algum lugar','2021-02-22','2026-02-22','8'),
('59925','26','Teressa Boone','rua algum lugar','2021-03-17','2026-03-17','4'),
('54953','27','Clio Padraig','rua algum lugar','2020-01-21','2025-01-20','10'),
('21615','28','Maud Anthony','rua algum lugar','2020-06-18','2025-06-18','8'),
('25773','29','Dorey Jarad','rua algum lugar','2021-09-11','2026-09-11','10'),
('30612','30','Margery Dietrich','rua algum lugar','2020-08-23','2025-08-23','2'),
('36438','31','Shannon Jared','rua algum lugar','2020-04-13','2025-04-13','10'),
('36802','32','Olwen Whitby','rua algum lugar','2020-03-31','2025-03-31','9'),
('31904','33','Blake Paquito','rua algum lugar','2021-07-18','2026-07-18','9'),
('41478','34','Alfie Brennen','rua algum lugar','2022-12-25','2027-12-25','10'),
('50095','35','Melania Rodrigo','rua algum lugar','2022-08-07','2027-08-07','2'),
('58993','36','Ana Andrus','rua algum lugar','2020-08-08','2025-08-08','1'),
('20949','37','Clemence Yuma','rua algum lugar','2022-05-28','2027-05-28','10'),
('54716','38','Jorrie Lodovico','rua algum lugar','2021-03-18','2026-03-18','8'),
('38048','39','Kathlin Hans','rua algum lugar','2019-03-08','2024-03-07','7'),
('21718','40','Tedra Turner','rua algum lugar','2021-06-14','2026-06-14','1'),
('26207','41','Blondelle Shayne','rua algum lugar','2021-09-29','2026-09-29','2'),
('20322','42','Shari Zerk','rua algum lugar','2020-09-11','2025-09-11','10'),
('58365','43','Martica Hort','rua algum lugar','2022-07-31','2027-07-31','7'),
('34596','44','Catha Granville','rua algum lugar','2020-02-02','2025-02-01','9'),
('31061','45','Danit Rupert','rua algum lugar','2020-03-08','2025-03-08','1'),
('29268','46','Rayshell Holden','rua algum lugar','2022-03-14','2027-03-14','4'),
('23270','47','Agnes Ephrem','rua algum lugar','2021-09-26','2026-09-26','5'),
('30812','48','Emyle Darcy','rua algum lugar','2019-10-04','2024-10-03','2'),
('40707','49','Aeriela Isaac','rua algum lugar','2021-10-17','2026-10-18','10'),
('22340','50','Grazia Boothe','rua algum lugar','2020-03-15','2025-03-15','8'),
('52631','51','Oneida Freedman','rua algum lugar','2021-02-08','2026-02-08','5'),
('33324','52','Katharine Abdel','rua algum lugar','2022-04-20','2027-04-20','3'),
('41185','53','Vivien Oswald','rua algum lugar','2019-07-22','2024-07-21','6'),
('42903','54','Elnora Caz','rua algum lugar','2022-04-27','2027-04-27','3'),
('47248','55','Odelinda Hakeem','rua algum lugar','2020-07-14','2025-07-14','8'),
('21369','56','Ellie Ingra','rua algum lugar','2019-02-02','2024-02-02','3'),
('54837','57','Sandie Hy','rua algum lugar','2019-03-15','2024-03-14','3'),
('58289','58','Sandy Mervin','rua algum lugar','2019-08-21','2024-08-20','5'),
('27887','59','Mariellen Glyn','rua algum lugar','2019-03-04','2024-03-03','7'),
('55469','60','Adelheid Tedman','rua algum lugar','2020-03-31','2025-03-31','1'),
('41957','61','Athena Ron','rua algum lugar','2019-02-24','2024-02-24','5'),
('57077','62','Blanche Jareb','rua algum lugar','2021-02-09','2026-02-09','8'),
('47096','63','Lela Alfredo','rua algum lugar','2019-06-25','2024-06-24','8'),
('57097','64','Josy Fletcher','rua algum lugar','2022-07-21','2027-07-21','3'),
('43695','65','Emma Erroll','rua algum lugar','2019-04-11','2024-04-10','2'),
('26217','66','Christean Sax','rua algum lugar','2021-04-23','2026-04-23','1'),
('59351','67','Lib Gallagher','rua algum lugar','2020-01-07','2025-01-07','10'),
('30887','68','Jasmina Burnard','rua algum lugar','2020-10-02','2025-10-02','5'),
('45078','69','Rozina Alphard','rua algum lugar','2020-04-12','2025-04-12','5'),
('52063','70','Pierrette Brantley','rua algum lugar','2020-06-05','2025-06-06','7');
INSERT INTO Alunos_Telefones(Alunos_Matricula,NumTelefone) VALUES 
('55593','(88)98258-8424'),
('49633','(88)93332-3032'),
('42944','(88)97800-7117'),
('44942','(88)98902-1033'),
('36941','(88)98207-8337'),
('59925','(88)96099-8285'),
('54953','(88)95011-8656'),
('21615','(88)98803-5216'),
('25773','(88)93471-8867'),
('30612','(88)97277-8081'),
('36438','(88)91088-8860'),
('36802','(88)92733-8646'),
('31904','(88)92040-3621'),
('41478','(88)99101-8455'),
('50095','(88)99674-8197'),
('58993','(88)92539-7744'),
('20949','(88)95327-3217'),
('54716','(88)97261-7553'),
('38048','(88)91789-5590'),
('21718','(88)91707-2074'),
('26207','(88)94215-8427'),
('20322','(88)92143-7792'),
('58365','(88)94532-4150'),
('34596','(88)94668-2912'),
('31061','(88)94042-9546'),
('29268','(88)91034-2827'),
('23270','(88)99553-2250'),
('30812','(88)93152-9065'),
('40707','(88)93314-1214'),
('22340','(88)99471-3978'),
('52631','(88)91774-2626'),
('33324','(88)94750-6652'),
('41185','(88)99259-6096'),
('42903','(88)98421-4596'),
('47248','(88)92230-6188'),
('21369','(88)92364-4361'),
('54837','(88)94826-4805'),
('58289','(88)96783-9820'),
('27887','(88)92664-1106'),
('55469','(88)92143-3939'),
('41957','(88)94987-5814'),
('57077','(88)91601-9460'),
('47096','(88)96049-5490'),
('57097','(88)99585-1302'),
('43695','(88)94823-8819'),
('26217','(88)91178-3457'),
('59351','(88)96806-6988'),
('30887','(88)99245-3230'),
('45078','(88)94144-1571'),
('52063','(88)91305-1044');
INSERT INTO Funcionarios(Matricula,Usuario_CodUsuario,Nome,endereco) VALUES 
('59738','71','Emeline Renard','rua algum lugar'),
('47728','72','Lissa Lawry','rua algum lugar'),
('25823','73','Audrey Hanson','rua algum lugar'),
('43352','74','Bambie Linoel','rua algum lugar'),
('59050','75','Louisette Iorgos','rua algum lugar'),
('42786','76','Sarine Loren','rua algum lugar'),
('24035','77','Caralie Hadrian','rua algum lugar'),
('53579','78','Krissy Daryle','rua algum lugar'),
('39745','79','Heath Wilmar','rua algum lugar'),
('51128','80','Faythe Gard','rua algum lugar'),
('47424','81','Herta Sherlock','rua algum lugar'),
('27488','82','Charleen Ezra','rua algum lugar'),
('56069','83','Peri Reginauld','rua algum lugar'),
('57840','84','Prissie Lewie','rua algum lugar'),
('29199','85','Lynett Chauncey','rua algum lugar'),
('46903','86','Dorthea Wolfgang','rua algum lugar'),
('52576','87','Miranda Archibaldo','rua algum lugar'),
('29521','88','Cami Tanner','rua algum lugar'),
('53306','89','Dasha Kale','rua algum lugar'),
('51363','90','Hephzibah Jean','rua algum lugar'),
('59611','91','Ursola Dom','rua algum lugar'),
('22256','92','Pegeen Mord','rua algum lugar'),
('51136','93','Enrichetta Griffie','rua algum lugar'),
('39494','94','Emilee Cole','rua algum lugar'),
('53138','95','Dot Drud','rua algum lugar'),
('37990','96','Belinda Roldan','rua algum lugar'),
('27462','97','Wren Jory','rua algum lugar'),
('34107','98','Chris Richie','rua algum lugar'),
('47017','99','Tansy Farrel','rua algum lugar'),
('39244','100','Shana Roth','rua algum lugar');
INSERT INTO Funcionarios_Telefones(Funcionarios_Matricula,NumTelefone) VALUES 
('55593','(88)93961-3834'),
('49633','(88)94744-8171'),
('42944','(88)92345-1985'),
('44942','(88)91028-9071'),
('36941','(88)95459-5309'),
('59925','(88)92927-2187'),
('54953','(88)95346-8134'),
('21615','(88)97300-6205'),
('25773','(88)94854-3175'),
('30612','(88)92533-5767'),
('36438','(88)97544-8068'),
('36802','(88)98740-1512'),
('31904','(88)99029-8314'),
('41478','(88)92733-9066'),
('50095','(88)91040-4421'),
('58993','(88)98729-8399'),
('20949','(88)91633-8882'),
('54716','(88)94197-1966'),
('38048','(88)91046-2467'),
('21718','(88)97831-6822'),
('26207','(88)98655-4804'),
('20322','(88)93739-4429'),
('58365','(88)93303-8575'),
('34596','(88)92555-4034'),
('31061','(88)94496-9654'),
('29268','(88)91318-4421'),
('23270','(88)98384-2885'),
('30812','(88)93930-5260'),
('40707','(88)95871-7938'),
('22340','(88)94294-5467'),
('52631','(88)93319-6548'),
('33324','(88)91419-4675'),
('41185','(88)94655-8994'),
('42903','(88)98169-4079'),
('47248','(88)91922-8657'),
('21369','(88)95051-8574'),
('54837','(88)95696-2954'),
('58289','(88)98205-5806'),
('27887','(88)96553-2712'),
('55469','(88)95948-5922'),
('41957','(88)99877-3030'),
('57077','(88)96533-7814'),
('47096','(88)95439-2316'),
('57097','(88)93301-6763'),
('43695','(88)94542-8275'),
('26217','(88)94279-3263'),
('59351','(88)98912-2466'),
('30887','(88)94946-4823'),
('45078','(88)95675-6803'),
('52063','(88)95071-3788');
INSERT INTO Autores(Nome,Email,Nacionalidade) VALUES 
('Mendes, Diana','mendes675539967@gmail.com','AZ'),
('Gonzalez, Olalla','gonzalez2664718@gmail.com','PS'),
('Fernandez, Federico','fernandez866964@gmail.com','CK'),
('Batalim, DoraIsabel','batalim78818656@gmail.com','CN'),
('Ramos, Elisabete','ramos7327831556@gmail.com','MT'),
('Ramalho, Silverio','ramalho71138534@gmail.com','JO'),
('Sousa, MariaJose','sousa4457774488@gmail.com','KE'),
('Vine, Barbara','vine61411397752@gmail.com','MW'),
('Realinho, Antonio','realinho6481146@gmail.com','NF'),
('Cardoso, ArturLopes','cardoso42899721@gmail.com','GA'),
('Oder, Slawomir','oder69778819941@gmail.com','LR'),
('Gaeta, Saverio','gaeta1126773833@gmail.com','VU'),
('Boleo, MariaLuisaT.Paiva','boleo8973938364@gmail.com','DM'),
('Manguel, Alberto','manguel52873634@gmail.com','TT'),
('Saldanha, Ana','saldanha1895439@gmail.com','IM'),
('Farinha, Manuela','farinha69786517@gmail.com','AU'),
('Harvey, Paul','harvey182327665@gmail.com','OM'),
('Harris, Julie','harris645313819@gmail.com','PG'),
('Almeida, Helenade','almeida57949239@gmail.com','KY'),
('Martins, ArmandoAnibal','martins28422661@gmail.com','BB'),
('Albuquerque, PauloSergioPintode','albuquerque4168@gmail.com','KZ'),
('EcosdaCave','ecosdacave63657@gmail.com','NU'),
('ColoquioParlamentar"AReformadaONU"','coloquioparlame@gmail.com','SR'),
('Portugal, ComissaodosNegociosEstrangeiroseComunidadesPortuguesas','portugal8465922@gmail.com','SR'),
('Biensan, Jacques','biensan25941151@gmail.com','BY'),
('Parker, Steve','parker646896856@gmail.com','GP'),
('Antao, Sofia','antao8468656545@gmail.com','BO'),
('Shalvis, Jill','shalvis19693382@gmail.com','LR'),
('Tavares, JoseCorreia','tavares93827283@gmail.com','WF'),
('Ganhao, Carlos','ganhao967177893@gmail.com','RW'),
('Rodrigues, Filipe','rodrigues346797@gmail.com','GL'),
('Rodrigues, CarlosSeixas','rodrigues255884@gmail.com','NG'),
('Cristovao, Fernando','cristovao711598@gmail.com','MH'),
('Piketty, Thomas','piketty27586483@gmail.com','BI'),
('Rosa, MarcodaSilva','rosa85199865345@gmail.com','ET'),
('Sousa, David','sousa4311888157@gmail.com','TT'),
('Calvino, Italo','calvino52326212@gmail.com','VU'),
('Barreiros, JoseColaco','barreiros899217@gmail.com','ME'),
('UniaoEuropeia, Comissao','uniaoeuropeia45@gmail.com','RO'),
('Blyton, Enid','blyton288542995@gmail.com','VG'),
('Ferreira, Susana','ferreira3851226@gmail.com','NR'),
('Soares, Barbara','soares747232428@gmail.com','IN'),
('Fischer, Norbert','fischer17448172@gmail.com','US'),
('Kopitzsch, Franklin','kopitzsch528464@gmail.com','KH'),
('Spallek, Johannes','spallek87388895@gmail.com','SH'),
('Alcici, LucasMoreira','alcici694554619@gmail.com','LB'),
('Santos, Paulo','santos954934395@gmail.com','BR'),
('Manteigas, Jose','manteigas939352@gmail.com','TF'),
('Faria, Mariana','faria2188761171@gmail.com','IT'),
('Pauperio, Diana','pauperio2988637@gmail.com','MG'),
('EspiritoSanto, Ana','espiritosanto28@gmail.com','NL'),
('Moutinho, Graciete','moutinho4681728@gmail.com','GM'),
('Ferreira, Idalina','ferreira8245341@gmail.com','BY'),
('Guimaraes, Laura','guimaraes726115@gmail.com','MA'),
('Lemos, MarioMatose','lemos8868757748@gmail.com','SR'),
('Cosma, Viorel','cosma9864633618@gmail.com','AW'),
('Sakellarides, ConstantinoT.','sakellarides958@gmail.com','AT'),
('Nunes, Carlos','nunes6397994218@gmail.com','MW'),
('Gough, Leo','gough4286448227@gmail.com','BL'),
('Leite, Manuel','leite4686156848@gmail.com','JE'),
('Camps, Victoria','camps1549448378@gmail.com','SR'),
('Louro, MariaRegina','louro1922476445@gmail.com','NO'),
('Justo, Aurea','justo9941668937@gmail.com','GD'),
('Magalhaes, FranciscoJose','magalhaes439281@gmail.com','KN'),
('SabioPinilla, JoseAntonio','sabiopinilla398@gmail.com','NG'),
('Brigida, Rita','brigida58832292@gmail.com','FO'),
('Rios, Pedro','rios81146766918@gmail.com','HN'),
('Almeida, PaulaCardoso','almeida25332693@gmail.com','AX'),
('Silva, Alexandre','silva1239797541@gmail.com','VE'),
('Nosnalinha, Alexandre','nosnalinha96161@gmail.com','RO'),
('Wilson, DanielH.','wilson567452922@gmail.com','JO'),
('Soares, Ana','soares319349283@gmail.com','FO'),
('Baptista, Miguel','baptista5986241@gmail.com','AM'),
('DuMaurier, Daphne','dumaurier161868@gmail.com','MC'),
('Salo, Eduardo','salo92966561955@gmail.com','LA'),
('Lagartixa, Custodio','lagartixa981438@gmail.com','BL'),
('Pereira, Helena','pereira63644918@gmail.com','IN'),
('Gomes, Jose','gomes2259623574@gmail.com','GN'),
('Giddens, Anthony','giddens78268118@gmail.com','MT'),
('Barata, SaulDias','barata828995226@gmail.com','TR'),
('Ferreira, ConceicaoCoelho','ferreira1277959@gmail.com','TR'),
('Simoes, NaterciaNeves','simoes963538177@gmail.com','NO'),
('Venceslau, Pedro','venceslau786547@gmail.com','MA'),
('Duarte, ManuelDias','duarte192944956@gmail.com','UM'),
('Branco, MariaJorge','branco579524643@gmail.com','NE'),
('Soares, Sara','soares625845743@gmail.com','NC'),
('Azevedo, AnaF.','azevedo69793635@gmail.com','TR'),
('Henriques, EduardoBrito','henriques945244@gmail.com','JP'),
('Esteves, SamuelFilipeHenriques','esteves52718734@gmail.com','CL'),
('Cardoso, Alexandre','cardoso22825385@gmail.com','ID'),
('Augusto, Fernando','augusto94958287@gmail.com','NR'),
('Heyer, Georgette','heyer5723316693@gmail.com','AU'),
('Ruao, Helena','ruao87172269841@gmail.com','BI'),
('Silvestre, MarioRui','silvestre487781@gmail.com','KP'),
('Passos, IolandaCenteno','passos648571837@gmail.com','TN'),
('Correia, OlgaFlora','correia34283392@gmail.com','BM'),
('Pinto, AmanciodaCosta','pinto8146716876@gmail.com','NU'),
('Aguiar, Jose','aguiar879755414@gmail.com','FM'),
('Cabrita, A.M.Reis','cabrita34361233@gmail.com','UA'),
('Appleton, Joao','appleton7389788@gmail.com','SZ'),
('Portugal, LaboratorioNacionaldeEngenhariaCivil','portugal1268531@gmail.com','NR'),
('Silva, Alvaro','silva6478782976@gmail.com','MW'),
('Berardo, Renato','berardo47434168@gmail.com','BY'),
('Berardo, Jorge','berardo37237671@gmail.com','LS'),
('Bento, Carina','bento2946113256@gmail.com','FI'),
('Kohlein, Fritz','kohlein67283654@gmail.com','GU'),
('Videira, Alexandra','videira74341197@gmail.com','UY'),
('Norris, Herbert','norris615383894@gmail.com','PA'),
('Martin, Richard','martin786773731@gmail.com','NG'),
('Carvalho, Lucilia','carvalho9221441@gmail.com','IT'),
('Barbier, Etienne','barbier77642839@gmail.com','MQ'),
('Medeiros, Jacqueline','medeiros2511187@gmail.com','EG'),
('Payne, Malcolm','payne9524772381@gmail.com','HR'),
('Duarte, Filipe','duarte577589133@gmail.com','NU'),
('Mouro, Helena','mouro9884598694@gmail.com','BW'),
('Campling, Jo','campling2924829@gmail.com','VN'),
('China, ConselhodeEstado','china2811361788@gmail.com','PK'),
('Rodrigues, MariadeLurdes','rodrigues863432@gmail.com','BY'),
('Carreiras, MariaHelenaChaves','carreiras671476@gmail.com','MO'),
('Gomes, Geise','gomes2346675484@gmail.com','NR'),
('Junqueira, Fran','junqueira934858@gmail.com','LB'),
('White, Danny','white1377265795@gmail.com','IQ'),
('Segurado, MariaGeorgina','segurado1822923@gmail.com','MN'),
('Neves, M.AugustaFerreira','neves3585636812@gmail.com','UM'),
('Marques, JoseAlves','marques87474143@gmail.com','BM'),
('Macedo, AnaCristina','macedo991394191@gmail.com','HU'),
('Tavares, AntonioFernandoFreitas','tavares56655578@gmail.com','EE'),
('Sousa, Luisde','sousa1744556873@gmail.com','PY'),
('Amaral, IsabelRicardo','amaral756815728@gmail.com','BT'),
('Prata, Ana','prata4595812194@gmail.com','LY'),
('Musil, Robert','musil1617634372@gmail.com','CL'),
('Ferreira, JoaoFilipe','ferreira3686477@gmail.com','PE'),
('Parreira, VioletaCleto','parreira5511884@gmail.com','MV'),
('Moreira, Madalena','moreira47628445@gmail.com','BI'),
('Lopes, Guilene','lopes9729647747@gmail.com','MF'),
('Costa, Luis','costa2191473886@gmail.com','MO'),
('Castro, AntonioTeixeirae','castro886323431@gmail.com','ML'),
('Albuquerque, Cristiano','albuquerque7319@gmail.com','GY'),
('ColectivodeAutoresPortugalSlam','colectivodeauto@gmail.com','TR'),
('Sousa, LuisAmorimde','sousa1167435384@gmail.com','KM'),
('Assis, MargaridaDrumondde','assis2622751382@gmail.com','RW'),
('Andrea, Marilia','andrea832462316@gmail.com','CC'),
('Camerini, Valentina','camerini7631381@gmail.com','GW'),
('Canhoto, MariaIsabel','canhoto27743914@gmail.com','NF'),
('Pinho, Marta','pinho6583733484@gmail.com','LI'),
('Teixeira, Ines','teixeira8196418@gmail.com','IL'),
('WaltDisneyProductions, Ines','waltdisneyprodu@gmail.com','MY'),
('Gottfried, ByronS.','gottfried492441@gmail.com','BQ'),
('Ferreira, MariaCarmen','ferreira3247941@gmail.com','BO'),
('Sa, DulceMagalhaesde','sa8988885382628@gmail.com','AS'),
('Ferreira, ManuelBravo','ferreira3562516@gmail.com','GN'),
('Godi','godi27242694914@gmail.com','VA'),
('Zidrou','zidrou868587916@gmail.com','AG'),
('Labey, Catherine','labey1156696453@gmail.com','UA'),
('Pereira, MariaJose','pereira15679328@gmail.com','MY'),
('Caetano, Paulo','caetano77218639@gmail.com','GL'),
('Grobet, Veronique','grobet944477492@gmail.com','PN'),
('Montalverne, Gil','montalverne2294@gmail.com','VI'),
('Costa, Belmiro','costa5591123471@gmail.com','IE'),
('Rodrigues, MariaErmelinda','rodrigues143649@gmail.com','GF'),
('Lodge, David','lodge3882653851@gmail.com','VN'),
('Chaves, AnaMaria','chaves911765589@gmail.com','AM'),
('Desai, M.V.','desai4159384779@gmail.com','GL'),
('Marinho, SusanaMoreira','marinho13312854@gmail.com','MP'),
('Mota, Arnaldo','mota69464828336@gmail.com','SH'),
('Hazleton, Lesley','hazleton5953676@gmail.com','KN'),
('Caspurro, Joana','caspurro6592418@gmail.com','PL'),
('Sa, JosePintode','sa4621179561387@gmail.com','GW'),
('Carapeto, Cristina','carapeto5151541@gmail.com','PW'),
('Pavese, Cesare','pavese879447951@gmail.com','MW'),
('Tomas, Ana','tomas1698313654@gmail.com','GB'),
('Gracio, Vasco','gracio621752312@gmail.com','YT'),
('Castro, AnibalPintode','castro838325829@gmail.com','MX'),
('OCzog-Winiarska, Zofia','oczog-winiarska@gmail.com','NP'),
('Vasconcelos, RitaRoquetede','vasconcelos9874@gmail.com','NI'),
('Cruz, Domingas','cruz36655925627@gmail.com','HR'),
('Bacus, Anne','bacus8352842154@gmail.com','VC'),
('Freixo, Cristina','freixo846491681@gmail.com','MZ'),
('Cerejeiro, Paula','cerejeiro336234@gmail.com','MS'),
('Lopes, Carla','lopes2217315712@gmail.com','MP'),
('Ventura, Eva','ventura45787427@gmail.com','HK'),
('','745623118967432@gmail.com','CW'),
('Luis, Sergio','luis26877281951@gmail.com','MM'),
('Oliveira, Ze','oliveira8253745@gmail.com','BS'),
('Keeland, Vi','keeland14845162@gmail.com','FK'),
('Marques, LeonorBizarro','marques12437235@gmail.com','BE'),
('Nobre, Luis','nobre5577449926@gmail.com','GD'),
('Castro, Sofiade','castro338527392@gmail.com','NG'),
('Teixeira, JoseMonterrosode','teixeira1376538@gmail.com','IN');
INSERT INTO Categorias(descricao) VALUES 
('Tecnologia e Ciencia'),
('Autoajuda'),
('Humor'),
('Guias & Como fazer'),
('Viagem'),
('Historia'),
('Memorias e autobiografia'),
('Crimes Reais'),
('Infantil'),
('Religiao e Espiritualidade');
INSERT INTO Livros(ISBN,Titulo,AnoDeLancamento,Editora,QuanCopias,Categoria_CodCategoria) VALUES 
('978-989-710-282--0','Fome de perfeicao','2017','Cha das Cinco','8','1'),
('978-972-8781-85-9','Chibos sabichoes','2008','Kalandraka','7','1'),
('978-972-0-14210-8','Preparar as provas finais 2014','2014','Porto Editora','4','4'),
('972-722-060-6','Fundamental do Powerpoint 7 para windows 95','1996','FCA-Editora de Informatica','4','3'),
('972-44-0825-6','Maus caminhos','1991','Edicoes 70','3','1'),
('987-989-626-229-7','Joao Paulo II, Santo','2010','A Esfera dos Livros','4','1'),
('972-23-2339-3','Uma historia da leitura','1999','Presenca','3','3'),
('978-972-0-18148-0','Smarties 4','2014','Porto Editora','6','1'),
('978-989-98122-3-9','Manual de comportamento organizacional','2013','Silabas & Desafios','9','2'),
('978-989-723-061-5','Os asininos no distrito de Braganca','2014','Publindustria','7','4'),
('978-966-937-801-9','Separate opinion','2020','Pravo','4','3'),
('979-989-33-0750-2','Ecos da Cave 30 anos','2020','Eznab','3','2'),
('978-972-556-437-0','A reforma da ONU','2007','Assembleia da Republica','8','2'),
('972-9436-04-5','Glossario informatico','1991','Ediprisma','7','3'),
('972-22-1217-6','Mamiferos','1990','Verbo','9','1'),
('978-989-8843-84-5','Ama-me outra vez','2016','Topseller','3','1'),
('972-699-247-8','Beijos e pedradas','1990','Vega','5','3'),
('978-972-710-406-2','Dembos','2007','Terramar','7','4'),
('989-20-0480-9','Divagacoes fotograficas','2006','s.n.]','4','1'),
('972-27-1388-4','Cruzeiro do Sul, a Norte','2005','Impr. Nacional-Casa da Moeda','4','2'),
('978-989-754-230-5','Podemos salvar a Europa?','2016','Marcador','4','1'),
('978-989-691-315-1','O canto do cisne','2014','Sinapis','8','2'),
('972-695-158-5','Porque ler os classicos','1991','Teorema','6','3'),
('92-894-8631-7','Social inclusion in Europe 2006','2006','Office for Official Publications of the European Communities','6','3'),
('978-989-555-842-1','O quinto ano no Colegio de Santa Clara','2015','Oficina do Livro','6','3'),
('3-529-07126-9','Von landlichen lebenswelten zur metropolregion','1998','Wachholtz Verlag Neumunster','7','4'),
('978-972-629-635-5','As imunidades jurisdicionais do estado e o papel do tribunal internacional de justica na protecao diplomatica','2021','AAFDL','7','3'),
('978-972-722-628-3','Internet segura para criancas','2010','FCA - Editora Informatica, Lda','6','2'),
('978-972-0-31624-0','Dre@m, ingles, 8o ano','2022','Porto Editora','9','2'),
('978-989-647-637-3','Preparar os testes portugues 5','2014','Areal','8','1'),
('972-98132-0-5','Politica cultural portuguesa em Africa','1999','s.n.]','3','4'),
('973-577-286-8','George Enescu','2000','The Romanian Cultural Foundation Publishing House','8','4'),
('978-989-95709-1-7','Acontecimento extraordinario','2009','Ministerio da Saude','5','3'),
('972-1-04923-9','A matematica nos negocios','2001','Europa-America','5','2'),
('972-23-2730-5','O seculo das mulheres','2001','Presenca','4','3'),
('978-989-53246-4-4','Poemas de primavera','2022','Coruja Dourada','8','3'),
('978-84-934876-7-6','Dialogos al margen del Tajo','2008','Jizo','6','2'),
('972-47-2024-1','Como nasce...','2004','Texto','9','3'),
('978-989-682-173-9','Ban','2011','Correio da Manha [distrib.]','5','2'),
('978-989-554-498-1','Henry Ford','2009','QuidNovi','4','1'),
('978-972-25-2758-3','Robopocalipse','2014','Bertrand','6','3'),
('972-42-0712-9','A pousada da Jamaica','1993','Circulo de Leitores','4','4'),
('978-972-761-614-5','Viver a historia','2006','Santillana','5','4'),
('978-972-23-2573-8','O mundo na era da globalizacao','2012','Presenca','8','3'),
('972-662-040-6','A evolucao do pensamento geografico','1993','Gradiva','3','2'),
('972-8298-34-X','O guia facil do Autocad','1997','McGraw-Hill','4','2'),
('978-989-667-150-1','O professor Simao Botelho','2013','Fonte da Palavra','9','3'),
('978-972-0-31792-6','CN9','2015','Porto Editora','5','3'),
('978-989-8230-27-0','A experiencia de paisagem','2012','Figueirinhas','5','3'),
('972-34-0224-6','E facil fazer teatro','2002','Nucleo - Centro de Publicacoes Cristas','9','3'),
('978-972-9146-48-0','Litoral poveiro','2007','Camara Municipal','5','1'),
('972-20-1365-3','Principe Bao','1997','Dom Quixote','3','2'),
('978-989-23-3069-3','A magnifica Sophy','2015','ASA','6','1'),
('978-972-762-440-9','O rio que Lisboa bebeu','2022','Cosmos','9','3'),
('972-680-458-2','Matematica em accao','2003','Lisboa Editora','8','2'),
('972-9036-05-5','Metodologia da investigacao psicologica','1990','Jornal de Psicologia','7','3'),
('972-49-1726-6','Guiao de apoio a reabilitacao de edificios habitacionais','1997','LNEC','5','3'),
('972-99256-0-7','Paixao africana','2004','Museu Monte Palace','3','4'),
('972-23-2204-4','Propagacao de plantas','1997','Presenca','6','1'),
('0-486-29845-0','Tudor costume and fashion','1997','Dover','3','2'),
('978-972-659-375-1','Cantinho das ferias','2017','Educacao Nacional','7','2'),
('972-641-177-7','Auditoria interna','1992','Cetop','8','3'),
('972-8717-46-6','Teoria do trabalho social moderno','2004','Quarteto','5','1'),
('7-80148-681-1','Defensa nacional de China en 2004','2004','Nueva Estrella','7','1'),
('978-989-8536-60-0','Exercicios de analise de politicas publicas 2','2017','Mundos Sociais','8','4'),
('978-989-51-2595-1','Cade Martin?','2015','Chiado Editora','6','3'),
('978-972-23-5037-2','One Direction','2013','Presenca','4','1'),
('978-972-0-44410-3','Matematica A10','2007','Porto Editora','6','2'),
('978-972-722-756-3','Sistemas operativos','2012','FCA - Editora de Informatica','3','1'),
('978-989-8943-19-4','Qualidade da governacao local em Portugal','2018','Fundacao Francisco Manuel dos Santos','7','2'),
('978-989-655-206-0','Os aventureiros na cidade flutuante','2014','Prime Books','4','2'),
('972-42-1611-X','O jovem Torless','1997','Circulo de Leitores','5','3'),
('978-989-97737-2-1','Historias de Violeta','2012','Centro Social Paroquial de Cristo Rei','4','1'),
('989-551-004-7','As lenga-lengas do Silvestre','2003','Novolivro','7','3'),
('972-98855-1-6','Plasma e ossatura','2002','APPACDM','4','3'),
('978-989-20-5052-2','3, 2, 1, SLAM!','2014','s.n.]','8','4'),
('978-989-33-0347-4','O cabo dos trabalhos','2020','Enfermaria 6','9','1'),
('85-901429-2-2','No acerto dos bondes','2001','Petry','6','3'),
('978-3-946277-23-1','Dakota e a Vila do Sol','2019','Oxala','4','4'),
('978-989-8739-03-2','Guia para raparigas','2014','Goody','3','4'),
('972-9241-58-9','Programacao em Pascal','2001','MacGraw-Hill','6','3'),
('978-972-41-4767-3','O menino Boavista','2007','Asa','8','2'),
('972-575-177-9','A nave maravilhosa','1994','Contexto','6','3'),
('978-972-0-42066-4','Novo espaco 12','2015','Porto Editora','3','3'),
('972-41-4443-7','Autor, autor','2005','Asa','3','4'),
('92-3-201425-4','Les politiques de la communication en Inde','1977','Unesco','9','3'),
('972-8424-81-7','Psicopatologia e deficiencia mental','2000','APPACDM','7','1'),
('972-700-269-2','Matematica 12','2000','Universitaria','3','2'),
('978-989-8831-17-0','O primeiro muculmano','2015','Elsinore','7','3'),
('972-674-430-X','Fundamentos de ecologia','2005','Universidade Aberta','5','4'),
('978-972-568-649-2','A praia','2011','Ulisseia','7','1'),
('978-972-26-2677-4','O regicidio de 1908','2008','Livraria Civilizacao','3','3'),
('978-83-944748-7-4','Wloska literatura dla dzieci i mlodziezy w zblizeniach polskich','2017','Instytut Filologii Polskiej UJK w Kielcach','5','4'),
('978-989.820-677-0','Walter-ego','2011','Estrela Polar','4','3'),
('972-24-1092-X','Murmurios sobre o essencial','2000','Livros Horizonte','8','4'),
('978-989-37-2885-7','Manual de atividades ludico pedagogico','2022','Flamingo','5','3'),
('84-7154-435-0','Contos populares','1983','Galaxia','8','4'),
('978-989-8991-94-2','Aventuras do Boneco Rebelde','2022','Municipio de Leiria','4','1'),
('978-989-8869-68-5','O prof','2018','Topseller','7','1'),
('972-8403-19-4','Atraves da distancia que nos separa','2004','Camara Municipal','8','2');
INSERT INTO Livros_has_Autores(Email,ISBN) VALUES 
('mendes675539967@gmail.com','978-989-710-282--0'),
('gonzalez2664718@gmail.com','978-972-8781-85-9'),
('fernandez866964@gmail.com','978-972-8781-85-9'),
('batalim78818656@gmail.com','978-972-8781-85-9'),
('ramos7327831556@gmail.com','978-972-8781-85-9'),
('ramalho71138534@gmail.com','978-972-0-14210-8'),
('sousa4457774488@gmail.com','972-722-060-6'),
('vine61411397752@gmail.com','972-44-0825-6'),
('realinho6481146@gmail.com','972-44-0825-6'),
('cardoso42899721@gmail.com','972-44-0825-6'),
('oder69778819941@gmail.com','987-989-626-229-7'),
('gaeta1126773833@gmail.com','987-989-626-229-7'),
('boleo8973938364@gmail.com','987-989-626-229-7'),
('manguel52873634@gmail.com','972-23-2339-3'),
('saldanha1895439@gmail.com','972-23-2339-3'),
('farinha69786517@gmail.com','978-972-0-18148-0'),
('harvey182327665@gmail.com','978-972-0-18148-0'),
('harris645313819@gmail.com','978-972-0-18148-0'),
('almeida57949239@gmail.com','978-989-98122-3-9'),
('martins28422661@gmail.com','978-989-723-061-5'),
('albuquerque4168@gmail.com','978-966-937-801-9'),
('ecosdacave63657@gmail.com','979-989-33-0750-2'),
('coloquioparlame@gmail.com','978-972-556-437-0'),
('portugal8465922@gmail.com','978-972-556-437-0'),
('biensan25941151@gmail.com','972-9436-04-5'),
('parker646896856@gmail.com','972-22-1217-6'),
('antao8468656545@gmail.com','972-22-1217-6'),
('shalvis19693382@gmail.com','978-989-8843-84-5'),
('tavares93827283@gmail.com','972-699-247-8'),
('ganhao967177893@gmail.com','978-972-710-406-2'),
('rodrigues346797@gmail.com','978-972-710-406-2'),
('rodrigues255884@gmail.com','989-20-0480-9'),
('cristovao711598@gmail.com','972-27-1388-4'),
('piketty27586483@gmail.com','978-989-754-230-5'),
('rosa85199865345@gmail.com','978-989-754-230-5'),
('sousa4311888157@gmail.com','978-989-691-315-1'),
('calvino52326212@gmail.com','972-695-158-5'),
('barreiros899217@gmail.com','972-695-158-5'),
('uniaoeuropeia45@gmail.com','92-894-8631-7'),
('blyton288542995@gmail.com','978-989-555-842-1'),
('ferreira3851226@gmail.com','978-989-555-842-1'),
('soares747232428@gmail.com','978-989-555-842-1'),
('fischer17448172@gmail.com','3-529-07126-9'),
('kopitzsch528464@gmail.com','3-529-07126-9'),
('spallek87388895@gmail.com','3-529-07126-9'),
('alcici694554619@gmail.com','978-972-629-635-5'),
('santos954934395@gmail.com','978-972-722-628-3'),
('manteigas939352@gmail.com','978-972-722-628-3'),
('faria2188761171@gmail.com','978-972-0-31624-0'),
('pauperio2988637@gmail.com','978-972-0-31624-0'),
('espiritosanto28@gmail.com','978-972-0-31624-0'),
('moutinho4681728@gmail.com','978-989-647-637-3'),
('ferreira8245341@gmail.com','978-989-647-637-3'),
('guimaraes726115@gmail.com','978-989-647-637-3'),
('lemos8868757748@gmail.com','972-98132-0-5'),
('cosma9864633618@gmail.com','973-577-286-8'),
('sakellarides958@gmail.com','978-989-95709-1-7'),
('nunes6397994218@gmail.com','978-989-95709-1-7'),
('gough4286448227@gmail.com','972-1-04923-9'),
('leite4686156848@gmail.com','972-1-04923-9'),
('camps1549448378@gmail.com','972-23-2730-5'),
('louro1922476445@gmail.com','972-23-2730-5'),
('justo9941668937@gmail.com','978-989-53246-4-4'),
('magalhaes439281@gmail.com','978-84-934876-7-6'),
('sabiopinilla398@gmail.com','978-84-934876-7-6'),
('brigida58832292@gmail.com','972-47-2024-1'),
('rios81146766918@gmail.com','978-989-682-173-9'),
('almeida25332693@gmail.com','978-989-554-498-1'),
('silva1239797541@gmail.com','978-989-554-498-1'),
('nosnalinha96161@gmail.com','978-989-554-498-1'),
('wilson567452922@gmail.com','978-972-25-2758-3'),
('soares319349283@gmail.com','978-972-25-2758-3'),
('baptista5986241@gmail.com','978-972-25-2758-3'),
('dumaurier161868@gmail.com','972-42-0712-9'),
('salo92966561955@gmail.com','972-42-0712-9'),
('lagartixa981438@gmail.com','978-972-761-614-5'),
('pereira63644918@gmail.com','978-972-761-614-5'),
('gomes2259623574@gmail.com','978-972-761-614-5'),
('giddens78268118@gmail.com','978-972-23-2573-8'),
('barata828995226@gmail.com','978-972-23-2573-8'),
('ferreira1277959@gmail.com','972-662-040-6'),
('simoes963538177@gmail.com','972-662-040-6'),
('venceslau786547@gmail.com','972-8298-34-X'),
('duarte192944956@gmail.com','978-989-667-150-1'),
('branco579524643@gmail.com','978-972-0-31792-6'),
('soares625845743@gmail.com','978-972-0-31792-6'),
('azevedo69793635@gmail.com','978-989-8230-27-0'),
('henriques945244@gmail.com','978-989-8230-27-0'),
('esteves52718734@gmail.com','972-34-0224-6'),
('cardoso22825385@gmail.com','978-972-9146-48-0'),
('augusto94958287@gmail.com','972-20-1365-3'),
('heyer5723316693@gmail.com','978-989-23-3069-3'),
('ruao87172269841@gmail.com','978-989-23-3069-3'),
('silvestre487781@gmail.com','978-972-762-440-9'),
('passos648571837@gmail.com','972-680-458-2'),
('correia34283392@gmail.com','972-680-458-2'),
('pinto8146716876@gmail.com','972-9036-05-5'),
('aguiar879755414@gmail.com','972-49-1726-6'),
('cabrita34361233@gmail.com','972-49-1726-6'),
('appleton7389788@gmail.com','972-49-1726-6'),
('portugal1268531@gmail.com','972-49-1726-6'),
('silva6478782976@gmail.com','972-99256-0-7'),
('berardo47434168@gmail.com','972-99256-0-7'),
('berardo37237671@gmail.com','972-99256-0-7'),
('bento2946113256@gmail.com','972-99256-0-7'),
('kohlein67283654@gmail.com','972-23-2204-4'),
('videira74341197@gmail.com','972-23-2204-4'),
('norris615383894@gmail.com','0-486-29845-0'),
('martin786773731@gmail.com','0-486-29845-0'),
('carvalho9221441@gmail.com','978-972-659-375-1'),
('barbier77642839@gmail.com','972-641-177-7'),
('medeiros2511187@gmail.com','972-641-177-7'),
('payne9524772381@gmail.com','972-8717-46-6'),
('duarte577589133@gmail.com','972-8717-46-6'),
('mouro9884598694@gmail.com','972-8717-46-6'),
('campling2924829@gmail.com','972-8717-46-6'),
('china2811361788@gmail.com','7-80148-681-1'),
('rodrigues863432@gmail.com','978-989-8536-60-0'),
('carreiras671476@gmail.com','978-989-8536-60-0'),
('gomes2346675484@gmail.com','978-989-51-2595-1'),
('junqueira934858@gmail.com','978-989-51-2595-1'),
('white1377265795@gmail.com','978-972-23-5037-2'),
('segurado1822923@gmail.com','978-972-23-5037-2'),
('neves3585636812@gmail.com','978-972-0-44410-3'),
('marques87474143@gmail.com','978-972-722-756-3'),
('macedo991394191@gmail.com','978-989-8943-19-4'),
('tavares56655578@gmail.com','978-989-8943-19-4'),
('sousa1744556873@gmail.com','978-989-8943-19-4'),
('amaral756815728@gmail.com','978-989-655-206-0'),
('prata4595812194@gmail.com','978-989-655-206-0'),
('musil1617634372@gmail.com','972-42-1611-X'),
('ferreira3686477@gmail.com','972-42-1611-X'),
('parreira5511884@gmail.com','978-989-97737-2-1'),
('moreira47628445@gmail.com','978-989-97737-2-1'),
('lopes9729647747@gmail.com','989-551-004-7'),
('costa2191473886@gmail.com','989-551-004-7'),
('castro886323431@gmail.com','972-98855-1-6'),
('albuquerque7319@gmail.com','972-98855-1-6'),
('colectivodeauto@gmail.com','978-989-20-5052-2'),
('sousa1167435384@gmail.com','978-989-33-0347-4'),
('assis2622751382@gmail.com','85-901429-2-2'),
('andrea832462316@gmail.com','978-3-946277-23-1'),
('camerini7631381@gmail.com','978-989-8739-03-2'),
('canhoto27743914@gmail.com','978-989-8739-03-2'),
('pinho6583733484@gmail.com','978-989-8739-03-2'),
('teixeira8196418@gmail.com','978-989-8739-03-2'),
('waltdisneyprodu@gmail.com','978-989-8739-03-2'),
('gottfried492441@gmail.com','972-9241-58-9'),
('ferreira3247941@gmail.com','972-9241-58-9'),
('sa8988885382628@gmail.com','972-9241-58-9'),
('ferreira3562516@gmail.com','972-9241-58-9'),
('godi27242694914@gmail.com','978-972-41-4767-3'),
('zidrou868587916@gmail.com','978-972-41-4767-3'),
('labey1156696453@gmail.com','978-972-41-4767-3'),
('pereira15679328@gmail.com','978-972-41-4767-3'),
('caetano77218639@gmail.com','978-972-41-4767-3'),
('grobet944477492@gmail.com','978-972-41-4767-3'),
('montalverne2294@gmail.com','972-575-177-9'),
('costa5591123471@gmail.com','978-972-0-42066-4'),
('rodrigues143649@gmail.com','978-972-0-42066-4'),
('lodge3882653851@gmail.com','972-41-4443-7'),
('chaves911765589@gmail.com','972-41-4443-7'),
('desai4159384779@gmail.com','92-3-201425-4'),
('marinho13312854@gmail.com','972-8424-81-7'),
('mota69464828336@gmail.com','972-700-269-2'),
('hazleton5953676@gmail.com','978-989-8831-17-0'),
('caspurro6592418@gmail.com','978-989-8831-17-0'),
('sa4621179561387@gmail.com','978-989-8831-17-0'),
('carapeto5151541@gmail.com','972-674-430-X'),
('pavese879447951@gmail.com','978-972-568-649-2'),
('tomas1698313654@gmail.com','978-972-568-649-2'),
('gracio621752312@gmail.com','978-972-568-649-2'),
('castro838325829@gmail.com','978-972-26-2677-4'),
('oczog-winiarska@gmail.com','978-83-944748-7-4'),
('vasconcelos9874@gmail.com','978-989.820-677-0'),
('cruz36655925627@gmail.com','978-989.820-677-0'),
('bacus8352842154@gmail.com','972-24-1092-X'),
('freixo846491681@gmail.com','972-24-1092-X'),
('cerejeiro336234@gmail.com','972-24-1092-X'),
('lopes2217315712@gmail.com','978-989-37-2885-7'),
('ventura45787427@gmail.com','978-989-37-2885-7'),
('745623118967432@gmail.com','84-7154-435-0'),
('luis26877281951@gmail.com','978-989-8991-94-2'),
('oliveira8253745@gmail.com','978-989-8991-94-2'),
('keeland14845162@gmail.com','978-989-8869-68-5'),
('marques12437235@gmail.com','978-989-8843-84-5'),
('marques12437235@gmail.com','978-989-8869-68-5'),
('nobre5577449926@gmail.com','972-8403-19-4'),
('castro338527392@gmail.com','972-8403-19-4'),
('teixeira1376538@gmail.com','972-8403-19-4');
